question,answer
"What is the purpose of the Finance Management SOP?","The purpose of this SOP is to define the framework for transparent, accountable, and compliant financial management of the Association in accordance with the Tamil Nadu Apartment Ownership Act (2022) and TAAOWA Bye-laws. It governs the collection, custody, utilization, and reporting of all Association funds."
"Who does this SOP apply to?","This SOP applies to the Treasurer, Secretary, and President (joint signatories), the Accountant or Office Administrator, the Board of Managers, the Auditor, and the Finance Sub-Committee."
"What are the sources of funds for the Association?","The funds consist of membership and annual maintenance fees, corpus fund and interest accrued, clubhouse or facility usage charges, donations, fines, and other approved income sources. All funds are held in the name of the Association."
"What is the accounting structure of the Association?","The financial year runs from April 1 to March 31. Books of accounts are maintained both physically and digitally. The Association’s bank account is operated jointly by the President and Treasurer. Payments above ₹10,000 are made digitally or via cheque, and petty cash up to ₹5,000 is maintained for daily operations."
"How is the annual budget prepared and approved?","The Treasurer prepares the Annual Budget, which is reviewed by the Board of Managers and approved by the General Body during the AGM. Quarterly financial reviews are presented to the Board."
"What are the expense approval limits?","Expenses up to ₹5,000 can be approved by the Secretary, up to ₹10,000 with President’s written approval, above ₹10,000 by the Board, and above ₹10 lakh require General Body approval."
"How are maintenance charges collected?","Charges are assessed based on the Undivided Interest (UDI) formula. Members can pay monthly, quarterly, half-yearly, or annually. Preferred payment modes are online transfers or digital gateways. Receipts are issued for every payment. Defaulter lists are published quarterly."
"What happens if I do not pay my maintenance on time?","A 7-day final notice will be sent for overdue payments. Persistent defaulters lose voting and amenity access rights, and legal recovery actions may be initiated if dues exceed 90 days."
"How are Association funds utilized?","Funds are used only for objectives such as maintenance, utilities, safety, and welfare. No funds are distributed as profits or dividends. All expenses require valid invoices, approvals, and proper recording."
"What are the policies on investments and reserves?","Corpus Fund is invested in term deposits, Sinking Fund is for long-term repairs, and Reserve Funds are maintained for repainting and emergencies. Withdrawals above ₹10 lakh require General Body consent."
"How are audits and compliance handled?","An annual audit is conducted by a Chartered Accountant, completed by June 30, and presented in the AGM. Filings include Balance Sheet, Income & Expenditure Statement, and Member Declarations by September 30."
"What financial reports are prepared and how often?","Reports include Income & Expenditure (quarterly), Budget vs Actual (half-yearly), Annual Budget Proposal (annually), Audit Report (annually), Bank Reconciliation (monthly), and Defaulter Reports (monthly/quarterly)."
"How long are financial records retained?","All invoices, receipts, ledgers, vouchers, and bank statements are retained for a minimum of 5 years in both physical and digital forms."
"Can residents view Association financial reports?","Yes. Members may request copies of accounts and audit reports by paying a nominal fee. Approved financial summaries are uploaded to MyGate within 15 days."
"What internal controls are in place for finances?","There is dual authorization for payments, numbered receipts, surprise audits, password-protected systems, and annual internal control reviews."
"What are the financial Do’s and Don’ts?","Do’s include ensuring approvals, recording all receipts, maintaining transparency, and using digital payments. Don’ts include using funds for personal use, issuing unofficial receipts, or splitting invoices to bypass approval."
"What are the penalties for financial misconduct?","Any misuse or concealment of funds results in disciplinary action such as removal from office, financial recovery, or legal prosecution."
"What is the purpose of the Community Hall SOP?","This SOP defines the rules, procedures, and responsibilities for booking, using, and maintaining the Community Hall at The ACE Apartments. It ensures fair access, responsible use, and cleanliness for all residents."
"Who does the SOP apply to?","It applies to all residents and owners requesting hall usage, the UPS Facility Management Team, Security, Housekeeping, and the Association Office responsible for managing bookings, payments, and dispute resolution."
"What events are allowed in the Community Hall?","The hall may be used only for personal and social events such as birthdays, anniversaries, family gatherings, and community meetings."
"What events are prohibited in the Community Hall?","The following are not allowed: commercial or promotional programs, political or religious meetings, events by non-residents, or any activity causing noise, damage, or nuisance."
"How do I book the Community Hall?","Bookings can be made via the Association Office or through the MyGate Facility Booking Module (if available). Bookings must be made at least 3 days in advance and are confirmed only after full payment is received."
"What are the rental charges and time slots for hall usage?","Each slot costs ₹5,000, which includes ₹4,000 as hall rent and ₹1,000 as a cleaning fee. Slot 1: 8 AM – 2 PM; Slot 2: 4 PM – 10 PM. Extra hours cost ₹1,000 per hour (with approval)."
"How can I pay for my hall booking?","Full payment must be made at the time of booking via cash, UPI, or bank transfer to the Association’s account. Booking is confirmed only after payment."
"What are the key rules to follow when using the hall?","Residents must: use it for social purposes only, follow noise limits (no loud music after 10 PM), avoid cooking inside, ensure decorations don’t damage walls, prohibit alcohol/smoking, and ensure guest discipline."
"Is alcohol allowed in the Community Hall?","No. Alcohol consumption is strictly prohibited inside the Community Hall premises."
"Can I decorate the hall for my event?","Yes, but only with non-damaging temporary decorations. Nails, screws, tapes, or adhesives on walls or ceilings are not allowed."
"Who is responsible for cleaning after the event?","The housekeeping team handles post-event cleaning, funded by the ₹1,000 cleaning fee. Organizers must ensure waste is bagged, and the hall and washrooms are left clean."
"What are the rules regarding security and guest access?","Security opens the hall 15 minutes before the slot and closes it immediately after. Guest entry is logged, and any violation (noise, damage) is reported to the Facility Manager."
"Who bears the cost of any damage during the event?","The resident organizing the event is liable for all damages. The Facility Manager assesses repair costs, and future bookings may be denied until payment is made."
"What is the cancellation and refund policy?","• More than 48 hours before event – 100% refund
 • 24–48 hours before event – 50% refund
 • Less than 24 hours – No refund
 If canceled by the Association, 100% refund will be provided."
"What are the important Do’s for residents?","Book in advance, maintain discipline, inform security of guest count, use sound responsibly, and keep the hall clean after use."
"What are the Don’ts to remember when using the hall?","Do not conduct commercial or promotional events, play loud music beyond 10 PM, cook inside, consume alcohol, smoke, burst crackers, or use adhesives on walls."
"Who should I contact for issues related to booking, payments, or cleaning?","• Booking/Payment issues – Contact Facility Manager (escalate to Secretary if unresolved)
 • Damage/Cleaning complaint – Facility Manager (escalate to President)
 • Noise/Disturbance – Security Supervisor (escalate to Facility Manager/Secretary)"
"How are booking and event records maintained?","Records include booking details, payment receipts, inspection checklists, and any damage or penalty records. All records are maintained for at least 1 year."
"Who is accountable for managing and monitoring Community Hall operations?","Facility Manager handles booking and supervision; Security oversees access; Housekeeping ensures cleaning; Resident Organizer ensures compliance; Secretary manages refunds; and the Board handles final decisions."
"What is the purpose of the Domestic Helpers SOP?","This SOP defines the process for safe, transparent, and efficient entry, exit, and monitoring of all domestic helpers, drivers, caretakers, and related staff. It ensures community safety, discipline, and harmony."
"Who does this SOP apply to?","It applies to all domestic workers employed by residents, the security team, UPS Facility Management staff, and Association Office responsible for managing access."
"What are the key objectives of this policy?","To ensure verified entry of domestic staff, maintain updated records, prevent unauthorized entry or loitering, and define behavioral expectations within the community."
"Who are responsible for managing the domestic helper system?","• Security Team – Verify ID and log entries/exits.
 • Facility Manager – Maintain helper database and documents.
 • Residents – Register helpers and ensure compliance.
 • Secretary/President – Review and take action on complaints."
"What documents are required for registering a domestic helper?","• Aadhaar or Voter ID proof
 • Recent photograph
 • Address proof
 • Police verification (mandatory for long-term staff)
 • Employer details (flat number, contact)
 • Emergency contact number."
"What is the process for ID cards and access tags?","All helpers receive color-coded ID cards:
 🟢 Domestic Helper/Maid/Cook
 🔵 Driver/Personal Assistant
 🟣 Caretaker/Babysitter
 ID must be worn at all times. Lost cards lead to temporary suspension until reissued."
"What is the gate entry process for helpers?","Helpers must use the main gate only. Security verifies ID via MyGate or biometric terminal, logs entry time, and issues daily passes if needed. Access is denied if ID is missing or deactivated."
"How do helpers access the towers or lobbies?","Helpers must call the flat using the intercom at the tower lobby. Access is granted only after resident approval. Tailgating or forced entry is strictly prohibited."
"What is the exit procedure for domestic helpers?","Helpers must exit through the same gate, log out in MyGate/biometric system, and undergo security verification to ensure no unauthorized items are carried."
"What are the working hours for helpers and staff?","• Maids/Cooks: 6:00 AM – 8:00 PM
 • Drivers: As per resident schedule
 • Caretakers/Babysitters: As required by resident
 • Overnight helpers: Only with written permission and full verification."
"Are domestic helpers allowed in common areas or amenities?","No. Loitering or accessing other flats, clubhouse, corridors, or parking areas without permission is prohibited."
"What behavior is expected from domestic helpers?","Helpers must be respectful, punctual, hygienic, and polite. They must use designated toilets, report issues immediately, and avoid mobile phone usage in public areas."
"What actions are strictly prohibited for domestic helpers?","Theft, arguments, entering flats without permission, using resident facilities, smoking, drinking, bringing guests, or sleeping in common areas are strictly banned."
"What happens if a helper violates the rules or commits theft?","The helper’s access will be suspended immediately. Repeat or serious offenses lead to blacklisting and police intimation."
"What are residents’ responsibilities in this SOP?","Residents must register helpers before employment, deactivate them upon termination, avoid hiring unverified staff, and report misconduct to security or FM."
"What to do in case of an emergency or dispute involving a helper?","Security should inform the Facility Manager and Secretary. All incidents must be recorded, and serious cases (like theft or assault) should be escalated to the police."
"What are the key Do’s and Don’ts for domestic helpers?","✅ Do’s: Always wear ID, use service gate, report absences, and respect residents.
 🚫 Don’ts: Don’t share ID, loiter, bring guests, or use resident property."
"How are issues or complaints about domestic helpers handled?","• No ID or denial of verification – Report to Security Supervisor.
 • Misconduct – Escalate to Facility Manager.
 • Theft/Serious incident – Report to Secretary or President for police action."
"How are records of domestic helpers maintained?","Records include helper register, biometric/MyGate logs, incident register, and blacklist. Records are kept for at least 2 years."
"Who is accountable for enforcing this SOP?","• Security Guards – Control gate access.
 • Facility Manager – Handle registration and documentation.
 • Residents – Employ only verified staff.
 • Secretary – Oversee compliance.
 • Board – Manage disciplinary actions."
"What is the purpose of the Emergency Contact & Security Escalation Tree SOP?","The SOP establishes a structured system for emergency response and escalation to ensure quick, efficient, and coordinated handling of incidents affecting safety, security, or well-being within The ACE Apartments."
"Who does this SOP apply to?","It applies to all security guards, supervisors, UPS Facility Management staff, residents, association office bearers, and service vendors during any emergency situation such as fire, theft, accident, or natural disaster."
"What are the main objectives of this SOP?","To ensure every staff member knows who to contact during emergencies, to minimize delays, maintain 24×7 readiness, and ensure escalation reaches decision-makers quickly."
"What are the general principles of emergency escalation?","• Incidents must be reported immediately to the next level.
 • No incident is closed until acknowledged by the Facility Manager.
 • All staff must carry the Emergency Contact Card.
 • Contact numbers must be displayed in all key locations."
"What is the structure of the Security Escalation Tree?","It is a 4-Level Chain of Command:
 • Level 1 – On-Ground Team (Security Guard, Supervisor, UPS Helpdesk)
 • Level 2 – Facility Management Response (Facility Manager, Technical Staff)
 • Level 3 – Association Leadership (Secretary, President, Treasurer)
 • Level 4 – External Agencies (Police, Ambulance, Fire Dept, etc.)"
"Who should be contacted first during an emergency?","The nearest Security Guard or Security Supervisor must be informed first (Level 1). They are trained to assess the situation and escalate immediately to the Facility Manager."
"What are the types of emergencies covered under this SOP?","Fire, smoke, theft, trespassing, medical emergencies, electrical short circuits, plumbing leaks, lift malfunctions, structural issues, resident disputes, and natural disasters."
"What is the escalation process for a fire or smoke incident?","Security Guard → Security Supervisor → Facility Manager → Fire Department / President."
"How are theft or trespassing incidents handled?","Security Guard reports to Supervisor and Facility Manager, who escalates to Police and Secretary immediately."
"Who manages medical emergencies inside the premises?","Security Guard alerts the Facility Manager, who contacts an ambulance and the resident’s family. Emergency numbers like 108 are displayed at all critical points."
"What is the communication protocol during emergencies?","All calls must be brief and factual. Each contact must record the time, nature of incident, and actions taken. The Facility Manager verifies and records it in the Emergency Logbook the next working day."
"Who are the key responsible persons during an emergency?","• Security Guard – Secure area, assist victims.
 • Security Supervisor – Coordinate response and escalation.
 • Facility Manager – Manage incident and communication.
 • Secretary – Review and authorize communication.
 • President – Approve escalation to authorities."
"Where are emergency contact numbers displayed?","At main gate security cabins, tower lobbies, facility office, clubhouse, pool area, and notice boards. A QR code for digital emergency directory (via MyGate) is also provided."
"What should staff and residents do during an emergency?","✅ Do’s: Stay calm, report promptly, follow the escalation tree, and prioritize life safety.
 🚫 Don’ts: Don’t panic, skip escalation levels, or take unauthorized photos/videos."
"What type of training is provided to staff for emergency handling?","Quarterly mock drills, fire and medical response training every 6 months, and emergency contact recall exercises are conducted."
"How is the SOP reviewed and audited?","The Facility Manager maintains incident and contact records. The Secretary reviews updates quarterly, and the Board conducts an annual safety audit."
"Who is accountable for ensuring compliance to this SOP?","• Security Supervisor – For initial reporting accuracy.
 • Facility Manager – For coordination and follow-up.
 • Secretary – For oversight.
 • President/Board – For decision-making and external escalations."
"What is the purpose of the Emergency Evacuation Plan SOP?","The SOP ensures that all residents, visitors, and staff can be safely and efficiently evacuated during any emergency such as fire, earthquake, flood, or gas leak. It aims to minimize confusion, injury, and property damage."
"Who does this SOP apply to?","This SOP applies to all residents, visitors, UPS Facility Management staff, vendors, contractors, and the entire property including towers, basements, and amenities."
"What are the objectives of this SOP?","To ensure life safety, define clear evacuation steps, assign roles to key personnel, and conduct regular safety drills."
"Who are the key personnel during an evacuation?","• Facility Manager – Incident Commander leading overall response.
 • Security Supervisor – Evacuation Coordinator managing exits and assembly.
 • Security Guards – Floor Wardens assisting residents.
 • Maintenance Team – Handles utilities and technical support.
 • Secretary/President – Oversee and communicate with authorities."
"What emergencies are covered under this SOP?","The plan covers Fire, Earthquake, Flooding, Gas Leak, Electrical Short Circuit, Structural Damage, Medical Emergency, and Security Threats."
"What are the general steps in an evacuation?","1️⃣ **Alarm Activation** – Alert Security or press the nearest Manual Call Point.
 2️⃣ **Emergency Team Activation** – FM activates the Emergency Response Team.
 3️⃣ **Resident Evacuation** – Use staircases, assist others, follow exit signs.
 4️⃣ **Roll Call** – Security conducts headcount at assembly point.
 5️⃣ **Post-Control** – No one re-enters until FM and Fire Dept clearance."
"What should I do if there is a fire or smoke?","Trigger the fire alarm, disable lifts, close doors (don’t lock), and evacuate calmly using stairs. Security will meet the fire truck at the gate."
"How should residents act during an earthquake?","Stay indoors until tremors stop, take cover under furniture, avoid windows, then evacuate calmly using stairs. Do not use lifts or run."
"What steps are taken during flooding or waterlogging?","Facility team switches off power in basements, restricts entry to flooded zones, and residents move to higher floors until cleared."
"What are the safety measures for a gas leak?","Do not switch lights or appliances on/off. Open doors and windows, evacuate, and inform Security or Facility Manager immediately."
"What should I do in case of a medical emergency?","Call Security or FM immediately. They will alert an ambulance (108) and direct it to your tower. First aid will be provided until medical help arrives."
"Where are the Assembly Points located?","Assembly points are:
 • Tower A – Open Ground near Main Gate
 • Tower B – Garden Lawn (rear side)
 • Tower C – Security Parking Bay
 • Clubhouse – Open Lawn
 • Basement – Ramp Exit. These areas are marked and kept free from obstacles."
"How are residents alerted during an emergency?","Through Fire Alarms, Intercom/PA announcements, MyGate app alerts, walkie-talkies, and WhatsApp group updates managed by the Facility Office."
"How often are evacuation drills conducted?","Mock evacuation drills are conducted every 6 months, staff training every quarter, and resident awareness sessions twice yearly."
"What kind of signage is used for evacuation guidance?","Exit routes, assembly points, and stair directions use photoluminescent or illuminated signs with English and Tamil instructions. Maps are displayed at lift lobbies."
"What should residents do and avoid during evacuation?","✅ Do’s: Stay calm, follow instructions, use stairs, assist others, move to assembly point, and participate in drills.
 🚫 Don’ts: Don’t use lifts, don’t collect belongings, don’t block exits, or spread panic."
"What happens after evacuation is complete?","Facility Manager confirms everyone is safe, Security controls perimeter, FM records incident details, and a post-incident review is held within 48 hours."
"Who should I contact during an emergency?","• Fire/Smoke – Security Guard → FM → Fire Dept (101)
 • Earthquake – FM → Secretary → NDRF/Police
 • Gas Leak – FM → President → Fire Dept/Gas Supplier
 • Medical – Security → FM/Secretary → Ambulance (108)."
"What records are maintained for evacuation and drills?","Drill reports, incident logs, resident roll calls, fire department certificates, and contact update sheets are stored for 2 years."
"Who is accountable for ensuring evacuation readiness?","• Security Guards – Trigger alarms and assist evacuation.
 • Facility Manager – Lead coordination and maintain records.
 • Secretary – Review compliance.
 • President/Board – Supervise and communicate externally."
"What is the purpose of the Fire Safety & Evacuation SOP?","The SOP defines systematic fire prevention, response, and evacuation procedures to ensure resident and staff safety while complying with statutory fire safety norms and government regulations."
"Who does this SOP apply to?","It applies to all towers, clubhouses, basements, and common areas, including residents, visitors, security, facility staff, and authorized vendors responsible for fire systems maintenance."
"What are the main objectives of this SOP?","• Prevent and minimize fire-related risks.
 • Enable immediate and coordinated evacuation during emergencies.
 • Ensure all occupants are trained to respond effectively.
 • Comply with mandated fire audits and recordkeeping."
"Who is responsible for maintaining fire safety equipment?","The UPS Facility Manager ensures all fire systems (hydrants, alarms, extinguishers) are functional. The Fire Safety Vendor conducts regular inspections and provides certification. Security staff assists during drills and emergencies."
"What fire safety systems are installed in The ACE Apartments?","Key systems include Fire Alarm Panels, Smoke Detectors, Hydrants, Hose Reels, Fire Extinguishers, Exit Lights, Emergency Lights, Fireman’s Intercom, Fire Doors, and Diesel Generators. Each has scheduled inspection frequencies for maintenance."
"What are the different types of fires and their appropriate extinguishers?","• Class A – Solid materials (wood, cloth): Use Water/Foam/ABC Extinguisher.
 • Class B – Liquids (petrol, oil): Use CO₂/Foam Extinguisher.
 • Class C – Gas/Electrical: Use CO₂/Dry Powder.
 • Class D – Metals: Use Special Dry Powder."
"What should I do if I discover a fire?","1️⃣ Stay calm and shout 'FIRE!'.
 2️⃣ Activate the nearest manual call point (MCP).
 3️⃣ Inform the Security Control Room.
 4️⃣ Use a nearby extinguisher only if safe.
 5️⃣ Evacuate immediately using stairs, not lifts.
 6️⃣ Security will call Fire Dept (101), Facility Manager, and Secretary."
"What are the responsibilities of the Security and Facility Teams during a fire?","• Sound alarms and initiate evacuation announcements.
 • Disable lifts and guide floor-wise evacuation.
 • Facility Manager coordinates with fire services and isolates power supply.
 • Technicians assist with hydrant operations."
"What should residents do during a fire?","Residents should use the nearest fire exit, avoid lifts, crawl under smoke, close doors behind them, and move to the designated Assembly Point. Assist elderly and differently abled individuals."
"What happens after the fire is controlled?","The Facility Manager and Fire Dept inspect for damage, document the incident, and report to the Association Board. Root causes and preventive actions are discussed and implemented."
"What are the evacuation routes and assembly points?","• Tower A – Main Lobby → Open Ground
 • Tower B – Rear Staircase → Garden Area
 • Tower C – Side Staircase → Security Parking Lot
 • Clubhouse – Front Exit → Lawn
 • Basement – Emergency Staircase → East Ramp."
"How often are fire drills conducted?","Mock fire drills are held every 6 months. Training includes extinguisher use, alarm operation, evacuation awareness, and CPR basics. All staff participation is mandatory."
"What are important Do’s and Don’ts for fire safety?","✅ Do’s: Keep exits clear, report faults, clean exhaust ducts, use approved fittings, and participate in drills.
 🚫 Don’ts: Don’t block staircases, overload circuits, store flammable items, or use lifts during fire."
"What documentation is maintained for fire safety compliance?","The Facility Office maintains Fire License, Annual Inspection Certificate, AMC certificates, drill reports, alarm test records, and incident reports."
"What is the escalation process during fire or related emergencies?","• Fire/Smoke – Security Guard → FM → Secretary/President → Fire Dept (101)
 • Gas Leak – FM → Maintenance → Fire Dept
 • Electrical Fire – FM → Electrical Team → EB Dept
 • Injury – FM → Secretary → Ambulance (108)."
"What signage is displayed for fire safety?","‘Fire Exit’, ‘Do Not Use Lift in Case of Fire’, and ‘Assembly Point’ signs are displayed in lift lobbies, clubhouses, basements, and security areas, along with fire evacuation maps."
"Who is accountable for fire safety management?","• Security Supervisor – Sound alarms and guide evacuation.
 • Facility Manager – Lead emergency coordination.
 • Fire Safety Vendor – Maintain systems and drills.
 • Secretary – Approve compliance.
 • President/Board – Escalate to authorities."
"What is the purpose of the First Aid & AED SOP?","The SOP ensures that First Aid Kits and Automated External Defibrillators (AEDs) are readily available, functional, and accessible across The ACE Apartments to provide immediate medical assistance during minor injuries or life-threatening emergencies."
"Who does this SOP apply to?","It applies to all security, facility, and housekeeping teams, residents, guests, and domestic staff within the community, covering all common areas like clubhouse, pool, gym, and basements."
"What are the main objectives of this SOP?","• Provide immediate aid during medical emergencies.
 • Ensure all kits and AEDs are properly placed and maintained.
 • Train designated staff in First Aid, CPR, and AED use.
 • Maintain proper documentation and compliance."
"Who is responsible for managing First Aid Kits and AEDs?","• UPS Facility Manager – Oversees overall management, training, and maintenance.
 • Security Supervisor – Provides access and coordinates emergency response.
 • Housekeeping Supervisor – Ensures kits are visible, clean, and stocked.
 • Trained First Aid Responders – Provide immediate assistance.
 • Secretary/President – Approve training and compliance audits."
"Where are First Aid Kits and AEDs located in the premises?","• Main Security Cabin – Full Kit + AED
 • Clubhouse Reception – First Aid + AED
 • Gym/Pool Area – Sports First Aid Kit
 • Basement Maintenance Room – Industrial Kit
 • Association Office – Complete Kit
 • Each Tower Lobby – Mini First Aid Kit (near Fire Hose Reel)."
"What are the essential items inside each First Aid Kit?","Each kit includes sterile gauze pads, adhesive bandages, antiseptic lotion, burn cream, cotton, gloves, ORS, painkillers, splint sticks, CPR mask, thermometer, and an emergency contact card."
"What does an AED (Automated External Defibrillator) contain?","Each AED comes with a charged battery, electrode pads for adult and child, an instruction manual, a visual guide, and a maintenance/test log."
"What should I do when a medical emergency occurs?","1️⃣ Identify and assess the situation.
 2️⃣ Inform Security Control Room immediately.
 3️⃣ Access the nearest First Aid Kit or AED.
 4️⃣ Trained responder provides aid or uses AED.
 5️⃣ Call Ambulance (108) and inform resident’s family.
 6️⃣ Keep route clear for medical responders."
"How should the AED be used in a cardiac arrest?","• Switch ON the AED.
 • Follow voice instructions.
 • Attach electrode pads to the patient’s bare chest.
 • Ensure everyone stands clear.
 • Press the shock button if advised.
 • Continue CPR as guided by AED prompts."
"What actions should be taken after a First Aid or AED use?","The Facility Manager must refill used items within 24 hours, inspect the AED, record the incident in the logbook, and submit a report to the Secretary within 48 hours."
"How often are the kits and AEDs inspected or maintained?","• First Aid Kit Stock Check – Monthly
 • AED Function Test – Monthly
 • Medicine Replacement – Quarterly
 • Staff Training – Semi-Annual
 • Fire Drill Integration – Bi-Annual"
"Who provides training for First Aid and AED operation?","Certified agencies like the Red Cross or authorized medical providers conduct hands-on training every 6 months for all security, facility, and clubhouse staff."
"What are the key Do’s and Don’ts for First Aid and AED usage?","✅ Do’s: Keep kits accessible, wear gloves, record all usage, call ambulance, and assist calmly.
 🚫 Don’ts: Don’t move injured persons with fractures, give prescription medicine, or delay medical help."
"What types of records are maintained for First Aid and AED use?","Records include First Aid Register, AED Test Log, Training Register, and Refill Log—all preserved for at least 2 years."
"Who should be contacted during different types of medical emergencies?","• Minor Injury – Security Guard → FM
 • Major Injury – FM → Secretary → Hospital
 • Cardiac Arrest – Trained Responder → FM → Ambulance (108)
 • AED Malfunction – FM → Vendor
 • Serious Casualty – FM → President → Police."
"How often are audits and reviews conducted?","Monthly verification, quarterly health & safety audits, and annual reviews are conducted by the Facility Manager and Association Board. Mock drills are integrated with fire evacuation exercises."
"Who is accountable for ensuring First Aid & AED readiness?","• Facility Manager – Maintenance & Readiness
 • Security Supervisor – On-ground emergency response
 • Trained Responders – Provide immediate care
 • Secretary – Documentation and oversight
 • President/Board – Policy approval and escalation."
"What is the purpose of the General Maintenance SOP?","The SOP defines a transparent and OTP-verified process for reporting and resolving all maintenance and DLP-related issues at The ACE Apartments, ensuring timely resolution and accountability."
"Who does this SOP apply to?","It applies to all residents, the UPS Facility Management Team, and the Builder (M/s. Risland) for issues such as plumbing, electrical, common area maintenance, DLP defects, and emergencies."
"How can I raise a maintenance complaint?","Residents can raise tickets through:
 • MyGate App → Helpdesk → Raise Ticket
 • Email: theace.helpdesk@upsfm.com
 • Phone: +91 89259 14906 (24×7 Helpdesk)."
"What is the ticket lifecycle process?","1️⃣ Resident raises a complaint via MyGate.
 2️⃣ Ticket auto-assigned to technician/facility manager.
 3️⃣ Helpdesk acknowledges within 2 hours.
 4️⃣ Work scheduled and completed by technician.
 5️⃣ Resident verifies via OTP before closure.
 6️⃣ Ticket marked closed after OTP validation."
"What are the standard resolution timelines?","• Minor Issues (tap leak, bulb): 24 hrs
 • Moderate Issues (motor, pump): 48 hrs
 • Vendor-linked / AMC: 3–5 days
 • DLP / Builder-related: 7–15 working days."
"What should I do if my issue is not resolved in time?","Escalate as per the following levels:
 • Level 1 – UPS Helpdesk: 📞 89259 14906
 • Level 2 – Assistant Facility Manager: 📞 89259 14907 / theace.afm@upsfm.com
 • Level 3 – Facility Manager: 📞 89259 14910 / theace.fm@upsfm.com
 • Level 4 – Key Account Manager (UPS): prabhu.j@upsfm.com
 Always copy support@aceapartment.org for TAAOWA tracking."
"How are builder-related (DLP) issues handled?","Builder-related issues such as waterproofing, structural or plumbing faults must be reported to Risland’s Technical Team:
 • Level 1 – Krishna Kumar (📞 98413 34405 / vkrishnakumar@risland.com)
 • Level 2 – Arun K. (📞 95732 93292 / arun.k@risland.com)
 • Level 3 – ACE Legal (acelegal@risland.com)
 • Level 4 – UPS FM + Secretary
 • Level 5 – President / Board"
"Can UPS FM repair DLP (builder warranty) issues?","No. UPS FM cannot modify or repair items covered under the builder’s DLP warranty. Residents must report these directly to the Builder’s Technical Team to avoid warranty void."
"How does the OTP validation process work?","Once work is done, residents receive an OTP on their registered mobile number. The technician enters this OTP into the MyGate app for closure. Tickets without OTP remain pending, and escalations auto-trigger after 24 hours."
"What kind of reports are shared by the Facility Team?","• Weekly ticket summary by UPS Facility Manager.
 • Monthly dashboard to TAAOWA Secretary & President.
 • Monthly DLP tracker to Builder/Risland.
 • Major outages broadcasted via MyGate notices."
"How long are maintenance records stored?","All ticket records, OTP logs, and photos are retained digitally for 3 years. DLP-related records are maintained until DLP expiry plus one additional year."
"What are the key Do’s for residents regarding maintenance?","✅ Do’s:
 • Always raise complaints via MyGate/Helpdesk.
 • Attach photos/videos for clarity.
 • Verify work before sharing OTP.
 • Provide feedback post-closure.
 • Escalate politely if unresolved."
"What are the important Don’ts for residents?","🚫 Don’ts:
 • Don’t call technicians directly.
 • Don’t share OTP before confirming work quality.
 • Don’t close tickets prematurely.
 • Don’t let UPS FM repair DLP-covered issues.
 • Don’t use harsh language or modify fixtures yourself."
"Who is accountable for maintenance service delivery?","• UPS FM Team – Handles service delivery and reporting.
 • TAAOWA Secretary – Oversees operations and escalations.
 • TAAOWA President – Coordinates builder interactions.
 • Builder (Risland) – Repairs DLP defects.
 • Residents – Report issues timely and verify closures."
"What is the purpose of the Housekeeping SOP?","This SOP ensures a clean, hygienic, and pleasant environment across all common areas of The ACE Apartments, maintaining compliance with health, safety, and environmental standards."
"Who does this SOP apply to?","It applies to housekeeping staff and supervisors under the UPS Facility Management Team, the Facility Manager, and all residents who must cooperate in maintaining cleanliness and waste segregation."
"What are common areas as per this SOP?","Common areas include lobbies, corridors, staircases, basements, lifts, parking, clubhouse, garden, walkways, and external amenities."
"What are high-touch areas and how are they maintained?","High-touch areas such as lift buttons, door handles, and handrails are disinfected daily to prevent infection spread."
"What are the key responsibilities of housekeeping staff and management?","• Housekeeping Staff – Execute daily and scheduled cleaning tasks, wear uniforms, and maintain discipline.
 • Housekeeping Supervisor – Manage duty rosters, checklists, and inspect all areas.
 • Facility Manager – Ensure manpower, stock, and quality compliance.
 • Secretary/President – Oversee performance and approve audits."
"What is the cleaning frequency for different areas?","• **Daily:** Sweeping/mopping lobbies, corridors, lifts, and restrooms; garbage collection before 10 AM.
 • **Weekly:** Deep cleaning basements, glass cleaning, and external walkways.
 • **Monthly:** Pest control, terrace/sump cleaning, and machine scrubbing.
 • **Event/Emergency:** Additional manpower for festivals or spills."
"What is the process for waste collection and segregation?","Waste must be separated as:
 • Green – Wet waste
 • Blue – Dry recyclables
 • Black – Hazardous/medical
 Collected before 10 AM and disposed of before 11 AM at authorized points. Bins must be disinfected daily."
"What chemicals and cleaning agents are used?","Only eco-friendly, non-acidic cleaning agents are used. All chemicals are stored in locked rooms with labels and MSDS sheets. No mixing of acids or bleaches is allowed."
"What are the hygiene and safety rules for housekeeping staff?","Staff must wear uniforms, gloves, masks, and shoes, undergo medical checks every 6 months, and follow safety training quarterly. Personal phone usage during duty is restricted."
"What is the escalation process for housekeeping issues?","• Level 1 – Supervisor: Unclean areas or pending tasks (Immediate)
 • Level 2 – Facility Manager: Negligence or absenteeism (Within 24 hrs)
 • Level 3 – Secretary: Vendor manpower or quality issue (Within 48 hrs)
 • Level 4 – President/Board: Budget or contract deviation (Within 7 days)."
"What are area-specific housekeeping rules?","• **Lobbies:** No garbage or personal items.
 • **Lifts:** Disinfect thrice daily; service lift for HK use only.
 • **Parking:** Clean twice monthly; report oil leaks.
 • **Clubhouse/Gym:** Wipe equipment and sanitize benches.
 • **Garden:** Clear pet waste daily.
 • **Restrooms:** Keep odor-free and leak-free."
"What are the key Do’s for housekeeping operations?","✅ Do’s:
 • Use approved cleaning materials.
 • Wear PPE during cleaning.
 • Report breakages or leaks.
 • Keep equipment organized.
 • Maintain cleaning logs.
 • Follow waste segregation.
 • Attend training sessions."
"What are the important Don’ts for housekeeping staff?","🚫 Don’ts:
 • Don’t skip tasks or falsify records.
 • Don’t mix waste types.
 • Don’t use resident restrooms.
 • Don’t use phones during work.
 • Don’t use excess acid or bleach.
 • Don’t argue with residents."
"How is housekeeping performance monitored?","Facility Manager inspects areas twice a week, and a monthly audit checklist is maintained by the Supervisor and FM. Quarterly reviews are conducted by the TAAOWA Board."
"What records are maintained for housekeeping operations?","Records include cleaning logs, attendance, chemical inventory, waste disposal logs, pest control reports, and equipment registers. Maintained for at least 1 year."
"Who is accountable for housekeeping management?","• Housekeeping Staff – Daily cleaning execution.
 • Housekeeping Supervisor – Quality control.
 • Facility Manager – Oversight and vendor coordination.
 • Secretary – Policy review.
 • President/Board – Audits and escalations."
"What is the purpose of the Lift Safety SOP?","This SOP ensures safe, reliable, and compliant operation of all lifts in The ACE Apartments, minimizing risks of malfunction, accidents, or panic during emergencies."
"Who does this SOP apply to?","It applies to all residents, visitors, UPS Facility Management staff, lift maintenance vendors, and security personnel involved in lift operation and response."
"What are the key objectives of the SOP?","• Maintain lifts in working condition through preventive maintenance.
 • Ensure quick emergency response for lift entrapments.
 • Define roles and responsibilities for all stakeholders.
 • Comply with safety audits and government inspection rules."
"Who is responsible for lift operations and maintenance?","• Facility Manager – Oversees lift operations, inspection scheduling, and vendor coordination.
 • Lift Vendor – Conducts preventive maintenance and breakdown response.
 • Security Team – Acts as first responders.
 • Residents – Follow safety guidelines and report faults.
 • Secretary/President – Approve compliance and review reports."
"How often are lifts inspected and serviced?","• Weekly – Routine maintenance, lubrication, and door checks.
 • Monthly – Brake, cable, and controller inspection.
 • Quarterly – Safety gear and ARD (Automatic Rescue Device) testing.
 • Annually – Safety certification renewal and government inspection."
"What are key lift safety guidelines for residents?","✅ Always check lift is level before entry.
 ✅ Avoid overloading or pressing multiple buttons.
 ✅ Don’t use lifts during heavy rain, power fluctuations, or fire.
 ✅ Accompany children and report abnormal noise or vibration."
"What daily checks do security and facility staff perform?","Security verifies intercom and alarm function, ensures cleanliness of lift lobby, confirms operation signage during maintenance, and locks access panels securely."
"What should I do if I get stuck inside the lift?","1️⃣ Stay calm and press the emergency intercom.
 2️⃣ Security confirms the lift number and informs Facility Manager and Vendor.
 3️⃣ Do not force the doors open.
 4️⃣ Wait for the technician; the ARD system will bring the lift to the nearest floor if power failed.
 5️⃣ If unwell, Security will call Ambulance (108)."
"Who should be contacted first in case of lift entrapment?","Immediately inform the Security Guard at your tower or use the emergency intercom in the lift. The guard will escalate to the Facility Manager and Vendor within minutes."
"How quickly should a rescue team respond?","Lift technicians are required to reach within 30 minutes of notification. Security and FM must update the Secretary/President within 15 minutes after the rescue is completed."
"What happens during power failure when someone is inside the lift?","The Automatic Rescue Device (ARD) brings the lift to the nearest floor and opens the doors within 60 seconds. If it fails, the Electrical Technician and Vendor are called immediately for manual release."
"What should be done during fire or flood emergencies?","Never use lifts. Security disables all lifts using the Fireman Switch, and power is isolated by the Electrical Technician. Residents must evacuate using staircases."
"What documentation is required after a lift incident?","The Facility Manager must record incident time, cause, persons involved, and resolution details. A formal report must be filed within 24 hours for review."
"What regular safety requirements must be maintained?","• Functional intercom and alarm buttons.
 • Display of emergency instructions in all lift cars.
 • Quarterly evacuation drills.
 • Up-to-date Lift License and AMC certificates.
 • Vendor logbook signed after each service."
"What are the main Do’s and Don’ts for lift usage?","✅ Do’s: Keep within capacity limits, test intercom monthly, report malfunctions.
 🚫 Don’ts: Don’t use lifts during fire/flood, force doors, or let children ride alone."
"What safety signage must be displayed in lift lobbies?","Each lobby must display emergency contacts, ‘Do’s & Don’ts’, and fire evacuation instructions. Security checks and replaces damaged signage monthly."
"What records are maintained for lift safety?","Records include maintenance registers, emergency incident logs, AMC reports, inspection certificates, ARD test logs, and complaint tracker—kept for 2 years minimum."
"How are lift safety audits conducted?","• Monthly – Vendor performance review by FM.
 • Quarterly – Safety audit with Secretary.
 • Annually – Government inspection and certification. Audit summary submitted to the Board."
"Who is accountable for lift safety and compliance?","• Security Guards – Initial communication & response.
 • Facility Manager – Maintenance and rescue coordination.
 • Vendor Technician – Repairs and AMC compliance.
 • Secretary – Documentation and oversight.
 • President/Board – Vendor and audit approvals."
"What is the purpose of the Maintenance & Daily Operations SOP?","This SOP ensures consistent, safe, and efficient day-to-day functioning of The ACE Apartments by defining maintenance procedures, staff responsibilities, and operational discipline in line with TAAOWA Bye-laws."
"Who does this SOP apply to?","It applies to UPS Facility Management teams (housekeeping, electrical, plumbing, landscaping), all vendors and contractors, and Association representatives overseeing maintenance operations."
"What are the key responsibilities of the Facility Management team?","• Ensure smooth operation and upkeep of all facilities.
 • Follow preventive maintenance schedules.
 • Maintain attendance and equipment logbooks.
 • Keep common areas clean and functional.
 • Report breakdowns or safety issues promptly."
"What are the duties of the Facility Manager?","• Supervise all daily operations and manpower allocation.
 • Approve and verify checklists, logs, and vendor reports.
 • Monitor cleanliness, safety, and performance.
 • Coordinate with Secretary for escalations and asset management."
"What are vendors and contractors expected to follow?","• Obtain entry authorization before work.
 • Follow safety and PPE standards.
 • Submit job completion reports.
 • Get completion confirmation before leaving site."
"What are the daily maintenance tasks performed in the community?","• Cleaning and mopping of common areas.
 • Garbage collection and disposal before 10 AM.
 • STP/WTP operations and checks.
 • Inspection of lifts, pumps, and DG sets.
 • Garden and landscape upkeep.
 • Lighting inspections and replacements.
 • Fire safety audits and equipment checks."
"How are maintenance tickets handled?","All resident maintenance requests are raised and tracked via the MyGate Helpdesk. The UPS FM team resolves them within defined timelines, with OTP validation for closure."
"What kind of reports and documentation are maintained?","• Daily checklists and equipment logbooks.
 • Complaint and closure records.
 • Weekly summaries to the Association.
 • Inventory registers for consumables.
 • Safety hazard or incident reports."
"What are the key safety protocols for maintenance staff?","• Use PPE for all maintenance work.
 • Lock sump, STP, and electrical rooms when unsupervised.
 • Restrict unauthorized access to utility areas.
 • Inspect extinguishers and exits monthly.
 • Store hazardous chemicals safely and in labeled containers."
"What are the Do’s for facility staff?","✅ Do’s:
 • Wear uniforms and ID cards.
 • Be punctual and sign attendance.
 • Follow FM/Association instructions.
 • Report leaks or malfunctions immediately.
 • Keep utility areas organized.
 • Conserve energy and attend safety drills."
"What are the Don’ts for staff during daily operations?","🚫 Don’ts:
 • Don’t leave duty posts without approval.
 • Don’t accept personal work or tips from residents.
 • Don’t smoke or consume alcohol.
 • Don’t use society property for personal use.
 • Don’t tamper with safety or CCTV equipment.
 • Don’t enter flats without authorization."
"How are operational issues escalated?","• Daily Maintenance – Supervisor → FM → Secretary
 • Electrical/Plumbing Faults – Technician → FM → Secretary/President
 • Safety or Emergency – FM → Secretary → Board
 • Staff Misconduct – FM → Secretary → President"
"How is performance and maintenance monitored?","• Facility Manager conducts daily rounds.
 • Secretary conducts weekly inspections.
 • Board holds quarterly reviews on vendor and staff performance.
 • Corrective actions and penalties recorded in reports."
"How often is this SOP reviewed or updated?","It is reviewed annually or when statutory or operational changes occur. Updates require approval from the TAAOWA Board and are circulated through the Association Office."
"Who is accountable for maintenance and daily operations?","• Facility Staff – Daily execution.
 • Facility Manager – Oversight & reporting.
 • Vendors – AMC compliance.
 • Secretary – Escalation oversight.
 • President/Board – Final approval & review."
"What is the purpose of the Meetings & Governance SOP?","This SOP defines the structure, frequency, and procedures for conducting TAAOWA meetings such as General Body Meetings (GBM), Annual General Meetings (AGM), Special General Meetings (SGM), and Board of Managers (BoM) meetings to ensure transparency and compliance with legal requirements."
"What are the different types of meetings in TAAOWA and their frequency?","• **Board of Managers (BoM)** – Monthly or as needed for operational and financial reviews.
 • **Annual General Meeting (AGM)** – Once every financial year to review accounts, approve budgets, and elect the Board.
 • **Special General Meeting (SGM)** – As required for special resolutions or member requests (¼ of members can call it).
 • **Extraordinary Meeting** – For urgent or emergency decisions."
"What is the notice period for different types of meetings?","• AGM/SGM – 21 days’ notice via email, MyGate, and notice boards.
 • BoM – 7 days for regular meetings; 24 hours for emergencies.
 • Adjourned meetings – No fresh notice needed; same agenda continues."
"What are the quorum requirements for meetings?","• AGM/GBM – 1/3 of total members; if not met, adjourn for 7 days and reconvene without quorum.
 • SGM – 2/3 of total members; if not met, reconvene with same agenda.
 • BoM – 1/3 of Board Members; reconvened decisions to be ratified."
"Who are the key office bearers and their roles?","• **President** – Chairs meetings, ensures decorum, signs minutes, and has a casting vote.
 • **Vice President** – Acts in the President’s absence and assists with coordination.
 • **Secretary** – Prepares and circulates agendas, minutes, and follow-ups.
 • **Joint Secretary** – Supports documentation and digital record-keeping.
 • **Treasurer** – Presents accounts and budgets.
 • **Board Members** – Participate actively and avoid conflicts of interest."
"What is the standard meeting procedure?","1️⃣ Attendance and quorum check by Secretary.
 2️⃣ Reading and approval of previous minutes.
 3️⃣ Presentation of reports (operations, finance, committees).
 4️⃣ Discussion of agenda items moderated by President.
 5️⃣ Voting by show of hands, ballot, or e-voting.
 6️⃣ Resolution recording and assignment of action points.
 7️⃣ Closing summary by President."
"How are minutes of meetings managed?","• Secretary records and circulates minutes within 7 days.
 • Attendance register signed during meeting.
 • Resolution register updated after each meeting.
 • Minutes uploaded to MyGate within 10 days."
"What are the voting rules?","• One flat = one vote (based on Undivided Interest).
 • Proxy voting allowed with written consent.
 • E-voting through verified platforms.
 • Members with maintenance dues >90 days cannot vote or contest."
"What are the different types of resolutions?","• **Ordinary Resolution** – Simple majority; routine approvals.
 • **Special Resolution** – 2/3 majority; major capital or financial decisions.
 • **Extraordinary Resolution** – 2/3 of total members; bye-law amendments or redevelopment."
"How is digital governance handled?","• Notices, voting, and minutes are managed through MyGate or ERP systems.
 • Hybrid meetings must be recorded and archived securely.
 • All records are backed up digitally for 5 years."
"What transparency measures are followed?","• Meeting summaries are posted on MyGate and notice boards within 10 days.
 • Financial highlights (not full ledgers) shared quarterly.
 • Resident feedback reviewed in the next GBM."
"What compliance measures must be met after meetings?","• All finance-related resolutions signed by President, Secretary, and Treasurer.
 • AGM must include statutory audit review.
 • Delay beyond 6 months must be reported to Registrar."
"How are disputes in meetings handled?","• Procedural disputes decided by the Board.
 • Unresolved matters taken to General Body vote.
 • Personal conduct issues handled confidentially by President & Secretary."
"How are SOP reviews and amendments done?","Reviewed annually or as per law changes; amendments approved by the Board and ratified by the General Body."
"What are the confidentiality rules?","Meeting records and discussions are confidential and cannot be shared or copied without Board authorization."
"What are the key Do’s and Don’ts for members during meetings?","✅ Do’s:
 • Be punctual and sign attendance.
 • Review agenda in advance.
 • Speak respectfully and stay on topic.
 • Follow voting and decorum protocols.
 • Keep communications official and confidential.
 🚫 Don’ts:
 • Don’t interrupt or argue.
 • Don’t raise off-agenda topics without Chair’s consent.
 • Don’t share resolutions on social media.
 • Don’t use defamatory or disrespectful language.
 • Don’t influence voting or misuse authority."
"Who is accountable for ensuring governance compliance?","• Secretary – Meeting coordination and documentation.
 • President – Oversight and leadership.
 • Treasurer – Financial compliance.
 • Board – Decision approval and recordkeeping.
 • Members – Responsible participation."
"What is the purpose of this SOP?","This SOP defines the rights, responsibilities, and behavioral standards expected from all apartment owners, tenants, and residents to promote a safe, respectful, and well-managed community environment within The ACE Apartments."
"Who does this SOP apply to?","It applies to all registered owners (members of TAAOWA), tenants, family members, guests, visitors, domestic staff, and agents residing or operating within the premises. Owners remain legally responsible for actions of their tenants and household staff."
"Who qualifies as a member of the Association?","Each flat owner automatically becomes a TAAOWA member upon registration of the sale deed and submission of a membership form with a one-time admission fee of ₹1,000. Tenants are not members but may represent the owner in maintenance matters with written authorization."
"What are the responsibilities of apartment owners?","Owners must:
 • Maintain internal fittings and plumbing.
 • Repair damages caused to adjoining flats or common areas.
 • Obtain written approval for any internal modification or renovation.
 • Ensure family, tenants, and visitors comply with community rules.
 • Clear dues before tenant vacates.
 • Use the flat only for residential purposes.
 • Follow waste segregation and environmental norms."
"What are the responsibilities of tenants?","Tenants must submit registration forms, valid ID proofs, police verification acknowledgment, and a copy of the rental agreement. They must:
 • Comply with all Association rules.
 • Avoid commercial use or subletting.
 • Maintain hygiene and follow noise restrictions.
 • Cooperate during maintenance or safety checks.
 • Respect community decorum."
"What are the rules for use of common areas and facilities?","• Do not use corridors, staircases, or rooftops for storage or personal use.
 • No encroachment, furniture, or signage in common areas.
 • Facilities like gym, pool, or park must be used only for intended purposes.
 • No advertisements or banners without approval.
 • Maintain silence after 10 PM.
 • Smoking, littering, or alcohol use in public areas is prohibited.
 • Visitors must register at security and park only in designated areas."
"What is the process for transfer of ownership?","Owners must notify the Association immediately upon sale/transfer and submit:
 • Copy of registered sale deed
 • Buyer’s contact details
 • Clearance of dues
 • No Dues Certificate
 The new owner gains member rights after formal registration with the Association."
"What behavioral expectations must all residents follow?","All residents must:
 • Treat neighbors, staff, and vendors respectfully.
 • Avoid harassment, discrimination, or abusive behavior.
 • Conduct social events responsibly with prior approval.
 • Maintain cleanliness and adhere to noise and decorum norms.
 • Resolve disputes amicably or through written complaints."
"What are the safety and security obligations?","Residents must:
 • Ensure guests and delivery agents comply with entry procedures.
 • Keep fire exits and driveways unobstructed.
 • Avoid unauthorized photography or access to restricted areas.
 • Never tamper with CCTV or security devices."
"What penalties apply for violations of the rules?","Depending on severity, violations result in:
 1️⃣ Warning Notice (First Instance)
 2️⃣ Monetary Penalty (Second Instance)
 3️⃣ Suspension of Facility Access (Repeated Violations)
 4️⃣ Legal Action (Serious Breaches)."
"What are the key Do’s for members, owners, and tenants?","✅ Do’s:
 • Keep personal and tenant details updated.
 • Pay dues on time.
 • Maintain hygiene and waste segregation.
 • Obtain written permission for any modification.
 • Register all staff with Association security.
 • Ensure tenant police verification before move-in.
 • Follow safety and fire guidelines."
"What are the key Don’ts for members, owners, and tenants?","🚫 Don’ts:
 • Don’t run commercial businesses in residential units.
 • Don’t alter structure or exteriors.
 • Don’t obstruct corridors or misuse facilities.
 • Don’t delay payments or engage in disputes.
 • Don’t smoke, litter, or play loud music after 10 PM.
 • Don’t host terrace or corridor parties.
 • Don’t sublet without permission."
"Who is accountable for tenant behavior and damages?","Owners are fully responsible for any damages or rule violations caused by their tenants, family, or staff. Persistent violations may lead to fines, suspension of privileges, or legal action under the Tamil Nadu Apartment Ownership Act, 2022."
"What is the purpose of this SOP?","The SOP ensures safe, accountable, and disturbance-free movement of labourers, contractors, and vendors carrying out plumbing, electrical, or interior work inside The ACE Apartments while protecting Association property and maintaining resident convenience."
"Who does this SOP apply to?","It applies to all residents, tenants, and owners undertaking internal work; all labourers, technicians, plumbers, and electricians employed for such work; and the UPS Facility Management and security team monitoring their movement."
"What are the permitted working hours for labourers?","Work is allowed only between **9:00 AM and 6:00 PM** from Monday to Saturday. Work on Sundays or public holidays requires prior written approval from the Secretary. No work is allowed during quiet hours or Association events."
"How can I register labourers entering for work?","Residents must fill the **Interior Work / Plumbing Work Intimation Form** at the security gate or via MyGate. The form must include work details, labourer information, duration, and materials. Approval is required from the UPS Facility Manager or Association Office before work starts."
"What is the entry process at the gate for labourers?","• Labourers must register with original ID proof (Aadhaar, DL, etc.).
 • Security issues a Visitor Pass with photo and flat number.
 • All tools and materials are checked and logged.
 • Hazardous items (e.g., thinner, gas) are not allowed without permission.
 • Labourers must wear uniforms and use service lifts only."
"What happens during exit of labourers?","Security verifies all tools and materials before exit, collects visitor passes, and records completion in the log. Any unaccounted item or suspicious movement is escalated immediately to the Facility Manager."
"What types of interior or repair work are allowed?","Permitted works include internal electrical wiring, plumbing repairs, painting, furniture and ceiling work, modular installation, or internet and appliance setup."
"What activities are restricted without approval?","The following require **written approval** from the Association:
 • Structural modification of walls/beams
 • RCC core cutting or waterproofing
 • Balcony grill or façade modification
 • Drainage line alteration
 • High-decibel or dust-producing work."
"What safety measures must be followed by labourers?","Labourers must:
 • Wear helmets, gloves, and safety shoes.
 • Use only designated routes and service lifts.
 • Avoid tapping water or electricity from common sources.
 • Clean debris daily and dispose it outside the premises.
 • Avoid blocking common corridors or exits."
"Who supervises and monitors interior work?","The **resident** is responsible for supervising the work inside their flat. The **UPS Facility Manager** and security team conduct random checks to ensure compliance and safety. The Association is not liable for damages or accidents within flats."
"What happens if a violation occurs?","Violations are subject to penalties such as:
 • Unregistered entry – Access denied or ₹500 fine
 • Work beyond permitted hours – ₹1,000 fine
 • Common area damage – Repair cost + penalty
 • Waste left on site – ₹500 fine
 • Unauthorized modification – Work stoppage + review
 • Unsafe materials – Contractor blacklisting."
"What should be done in case of an emergency or accident?","Immediately contact:
 • UPS Facility Manager – 📞 89259 14910
 • Security Helpdesk (24×7) – 📞 89259 14906
 Accidents, electrical hazards, or injuries must be reported without delay."
"What are the key Do’s for residents and labourers?","✅ Do’s:
 • Register all workers and materials.
 • Work only during permitted hours.
 • Wear IDs/uniforms.
 • Maintain site cleanliness.
 • Dispose debris daily.
 • Use service lifts.
 • Follow safety and security instructions."
"What are the key Don’ts for labour movement?","🚫 Don’ts:
 • Don’t enter without authorization.
 • Don’t block corridors or use domestic lifts.
 • Don’t smoke, play music, or create disturbance.
 • Don’t use common water/power.
 • Don’t store flammable materials.
 • Don’t photograph or record inside premises.
 • Don’t stay beyond work hours."
"Who is responsible for monitoring and enforcement?","• **Resident/Owner** – Submit authorization and supervise work.
 • **Security Team** – Check IDs, register entry/exit.
 • **UPS Facility Manager** – Inspect sites, ensure compliance.
 • **Secretary** – Approve major works.
 • **President/Board** – Handle escalations and repeat offences."
"What is the purpose of this SOP?","This SOP ensures effective night-time surveillance and security within The ACE Apartments between 8:00 PM and 6:00 AM. It defines procedures for patrols, CCTV checks, access control, and emergency response to prevent unauthorized access, theft, or safety hazards."
"Who does this SOP apply to?","It applies to all night security staff (guards and supervisors), UPS Facility Manager, duty officers, and the Association office involved in security reporting and emergency escalation. It also applies to residents in case of emergency alerts or security cooperation."
"What are the main objectives of the Night Security SOP?","• Maintain continuous vigilance through patrols and CCTV monitoring.
 • Ensure access control and lighting systems are functional.
 • Establish clear incident escalation and reporting protocols.
 • Maintain logs for audit and accountability."
"What are the shift timings for night security?","Night duty runs from **8:00 PM to 6:00 AM**. Guards report by 7:45 PM, attend roll call at 7:50 PM, and complete final patrol by 6:00 AM before shift handover."
"Which areas are monitored during night patrols?","Key areas include:
 • Main and Exit Gates (only one active after 10 PM)
 • Tower lobbies and doors (locked by default)
 • Basements and parking lots
 • Perimeter walls and compound areas
 • Clubhouse, pool, gym (via CCTV)
 • STP, DG, and pump rooms
 • Security cabins and CCTV room."
"How often should security guards patrol during the night?","Hourly patrols are mandatory across designated checkpoints, recorded via RFID system or signed patrol sheets verified by the supervisor. Missed patrols are considered serious lapses."
"What must guards check during patrols?","• Verify that gates and doors are locked.
 • Observe for suspicious activity or sound.
 • Ensure lights and CCTV are operational.
 • Check parked vehicles and fire exits.
 • Report unusual movements immediately."
"How are CCTV and lighting systems maintained during the night?","Night supervisors must verify camera feeds and lighting every 2 hours. Any fault must be logged and reported to the Facility Manager, who follows up by 10:00 AM the next morning."
"What is the access control protocol after 10 PM?","• All visitor and vendor entries close after 10 PM.
 • Only emergency visitors are allowed after verification.
 • Lobby doors remain locked and opened only after resident approval.
 • Delivery personnel are strictly not allowed post 10 PM."
"What are the immediate actions in case of emergencies?","Emergency Response Protocol:
 • **Medical Emergency:** Allow ambulance, inform Facility Manager and Secretary.
 • **Fire/Smoke:** Trigger alarm, inform FM and Fire Dept.
 • **Theft/Suspicious Activity:** Secure site, preserve CCTV footage.
 • **Electrical/Water Failure:** Record and inform UPS standby staff.
 • **Accidents:** Secure area and call ambulance."
"What reporting must be done after every night shift?","The Night Supervisor must submit a **Night Security Log Report** by 6:15 AM covering patrol timings, incidents, lighting/CCTV issues, and any late entries. This report is reviewed by the Facility Manager and Secretary."
"What are the key Do’s for night security personnel?","✅ Do’s:
 • Conduct hourly patrols and log time.
 • Keep intercom and radios functional.
 • Lock unused gates and doors after 10 PM.
 • Check all parking and perimeter lights.
 • Stay alert, professional, and visible.
 • Immediately report any incident."
"What are the important Don’ts during night security duty?","🚫 Don’ts:
 • Don’t sleep or use phones on duty.
 • Don’t leave the post unattended.
 • Don’t allow unauthorized entry.
 • Don’t switch off lights or CCTV.
 • Don’t take food or gifts from outsiders.
 • Don’t skip patrol checkpoints."
"How are security incidents escalated?","Escalation Process:
 • Security breach – Supervisor → FM → President
 • Fire/electrical hazard – FM → Secretary → Fire Dept
 • CCTV/light failure – Supervisor → FM
 • Guard absence – FM → Secretary
 • Theft or major issue – FM → Secretary → Police."
"What equipment must guards carry during night duty?","Each night guard must have a flashlight, whistle, walkie-talkie, reflective jacket, ID card, and emergency contact sheet. Supervisors additionally hold master keys and gate control."
"How are night security operations audited?","Facility Manager conducts weekly surprise inspections and monthly reviews to assess guard performance, incident logs, CCTV uptime, and lighting. Repeated lapses attract penalties or vendor reviews."
"What records are maintained for night security operations?","Registers include patrol logs, CCTV check logs, lighting fault logs, incident registers, and daily security reports. All records are stored for at least 1 year."
"Who is accountable for night security compliance?","• **Night Guards:** Patrol and vigilance.
 • **Supervisor:** Oversight and reporting.
 • **Facility Manager:** Audit and follow-up.
 • **Secretary:** Review compliance.
 • **President/Board:** Handle escalations and vendor accountability."
"What is the purpose of the Pest Control SOP?","The SOP ensures a systematic, safe, and environmentally responsible pest management program for The ACE Apartments. It aims to minimize risks of infestation, disease, and property damage through scheduled preventive pest control and timely corrective actions."
"Who does this SOP apply to?","It applies to the UPS Facility Management team, authorized pest control vendors, residents, and the Association Office. The SOP covers all common areas including basements, lobbies, corridors, gardens, clubhouses, and utility zones."
"What are the objectives of the pest control plan?","• Maintain hygiene and reduce disease risks.
 • Prevent pest breeding in drains and garbage rooms.
 • Protect property from termite and rodent damage.
 • Comply with public health and environmental standards."
"Who is responsible for pest control management?","• **Facility Manager** – Schedules, supervises, and maintains vendor reports.
 • **Housekeeping Supervisor** – Prepares areas and informs residents.
 • **Vendor** – Conducts pest treatment using approved chemicals.
 • **Residents** – Cooperate during treatment and follow safety advisories.
 • **Secretary** – Approves schedules and verifies reports."
"What is the pest control treatment schedule?","• **Basements, Parking, Drains:** Anti-rodent + Larvicide – Monthly
 • **Garbage Rooms:** Insecticide + Sanitization – Bi-weekly
 • **STP/WTP/Pump Rooms:** Larvicide + Rodent Bait – Monthly
 • **Corridors & Lobbies:** Anti-cockroach & Ant Gel – Monthly
 • **Clubhouse & Gym:** Disinfectant + Pest Spray – Monthly
 • **Garden Areas:** Mosquito Fogging + Anti-termite – Fortnightly
 • **Common Toilets:** Anti-fly Spray – Weekly
 • **Underground Sumps:** Chlorination + Pest Check – Quarterly
 • **Individual Apartments:** Optional, paid service."
"How are residents notified before pest control?","The Facility Manager issues a Pest Control Notice at least **48 hours in advance** via MyGate and notice boards, mentioning the date, time, and areas to be treated."
"What precautions must be taken before treatment?","• Clear garbage and remove floor mats.
 • Cover food, utensils, and personal items.
 • Keep children and pets away from treated areas.
 • Allow ventilation after treatment.
 • Security will restrict access to treated zones."
"What chemicals are used for pest control?","Only **government-approved, non-toxic, and biodegradable chemicals** that comply with WHO and ISO standards are used. Material Safety Data Sheets (MSDS) are stored in the Facility Office."
"What safety measures must vendors follow?","• Wear protective gear – gloves, masks, and goggles.
 • Avoid overuse of chemicals.
 • No spraying near food areas or electrical points.
 • Avoid treatments during rain or heavy wind."
"What is the procedure for emergency or infestation treatment?","For heavy infestations (rodents, termites, flies):
 • Facility Manager and Vendor inspect within 24 hours.
 • Emergency treatment scheduled immediately.
 • Follow-up inspection within 72 hours.
 • Residents can report issues via MyGate Helpdesk."
"How is pest control documented and reported?","Each treatment is recorded in the **Pest Control Log Register**, capturing date, area, pest type, chemical used, vendor signature, and FM verification. Vendor reports and MSDS are stored for at least one year."
"What is the escalation process for pest control issues?","• **Missed Schedule:** Housekeeping → FM → Secretary
 • **Recurring Infestation:** FM → Vendor + Secretary → President
 • **Unsafe Chemical Usage:** Vendor → FM → President
 • **Vendor Performance Issue:** FM → Secretary → Board."
"What are the Do’s for pest control and prevention?","✅ Do’s:
 • Schedule treatments on time.
 • Display warning boards.
 • Ensure PPE usage.
 • Maintain ventilation.
 • Record treatment details.
 • Conduct pre/post inspections.
 • Dispose waste properly.
 • Inform residents in advance.
 • Store MSDS copies."
"What are the Don’ts during pest control?","🚫 Don’ts:
 • Don’t use expired or unapproved chemicals.
 • Don’t spray inside flats without consent.
 • Don’t eat, smoke, or drink during treatment.
 • Don’t leave leftover chemicals unattended.
 • Don’t skip logbook entries."
"What performance reviews are done for pest control vendors?","Quarterly evaluations based on timeliness, safety, documentation, and resident feedback are conducted by the Facility Manager and Secretary. Poor performance may lead to penalties or replacement."
"How long are pest control records kept?","• Pest Control Log Register – 2 years
 • Vendor Reports & MSDS – 1 year
 • Audit Summaries – Permanent"
"Who is accountable for pest control compliance?","• **Vendor** – Execution and safety
 • **Facility Manager** – Supervision and reporting
 • **Housekeeping Supervisor** – Preparation and safety
 • **Secretary** – Audit approval
 • **President/Board** – Oversight and escalation."
"What is the purpose of the Power Failure & DG Backup SOP?","This SOP ensures a safe, efficient, and structured process for handling power outages, DG backup operation, and power restoration at The ACE Apartments, minimizing disruption and protecting residents and electrical infrastructure."
"Who does this SOP apply to?","It applies to UPS Facility Management (FM) and Electrical Maintenance teams, Security personnel, and residents for awareness and coordination during outages."
"What are the main objectives of this SOP?","• Enable quick transition to DG backup during power failure.
 • Maintain essential systems like lifts, water pumps, and fire safety.
 • Prevent overloading or DG malfunction.
 • Ensure proper communication and escalation.
 • Maintain compliance with PCB and CEA standards."
"Who is responsible for DG backup management?","• **UPS Facility Manager** – Oversee DG operation, maintenance, and vendor coordination.
 • **Electrical Technician** – Operate and monitor DG, record events.
 • **Security Team** – Communicate outages and control access.
 • **Residents** – Use DG power responsibly.
 • **Secretary/President** – Review compliance and approve maintenance."
"What equipment is used for DG backup?","The site is equipped with:
 • 250 KVA DG (Utility Yard) for common areas.
 • 200 KVA DG (Basement 2) for essential residential load.
 • AMF Panel for automatic switching.
 • LT Panel for distribution.
 • Diesel tank (1000L) for fuel storage.
 • UPS/Inverters for critical systems like Fire & Security."
"What happens when there’s a power failure?","1️⃣ AMF Panel detects the outage and auto-starts the DG within 30 seconds.
 2️⃣ Security informs Facility Office immediately.
 3️⃣ Technician verifies DG operation and load transfer.
 4️⃣ Security notifies residents via MyGate: “Power outage detected. DG backup active. Please use power judiciously.”"
"Which systems are powered during DG mode?","DG power is prioritized as follows:
 • **Critical:** Fire pumps, lifts (1 per tower), sump pumps, security systems.
 • **Essential:** Corridor lighting, STP/WTP, exhaust fans.
 • **Restricted:** Lights and fans in residential units (no heavy appliances).
 • **Non-Essential:** Pool, lawn lights, and clubhouse AC remain off."
"How long can the DG backup run continuously?","DG sets should not run beyond 6 hours continuously without supervision or cooling checks. Refueling or rest periods may be required during prolonged outages."
"How is DG fuel managed?","• Diesel quality: BS-VI grade, from authorized supplier.
 • Refill every 15 days or when fuel < 30%.
 • Daily log of fuel usage maintained by technician.
 • Fire safety and no-smoking policy enforced in DG area."
"What preventive maintenance is done on DG systems?","• Weekly 15-min test run (no-load).
 • Monthly full-load test.
 • Weekly oil and coolant checks.
 • Monthly filter cleaning and battery test.
 • Quarterly emission test and AMC service.
 • Annual PCB certification."
"What safety measures must be followed in the DG area?","• Authorized access only.
 • Keep area clean and free from flammable items.
 • Maintain earthing and fire extinguishers.
 • Ensure ventilation and waterproofing.
 • Display “⚠️ High Voltage – Authorized Access Only” signage."
"What should be done if the DG fails to start?","Security informs the Facility Manager immediately. The technician attempts manual restart. If unresolved within 5 minutes, escalate to vendor support and Secretary."
"What are the key Do’s for DG operations?","✅ Do’s:
 • Test DG weekly.
 • Maintain clean fuel.
 • Record every operation.
 • Keep ventilation and battery in check.
 • Inform residents during outages.
 • Report every fault promptly."
"What are the Don’ts for DG handling?","🚫 Don’ts:
 • Don’t overload DG.
 • Don’t smoke or use phones near DG.
 • Don’t bypass safety alarms.
 • Don’t operate with low oil/fuel.
 • Don’t allow untrained personnel to handle the DG."
"What reports are maintained for DG operation?","The Facility Team maintains DG Operation Logs, Fuel Registers, AMC reports, and Emission Certificates for at least 2 years."
"How is DG performance reviewed or audited?","• Monthly DG performance reports reviewed by FM.
 • Quarterly cost and compliance audits by the Association.
 • Annual inspection by PCB and Electrical Inspector."
"Who is accountable for DG and power management?","• **Electrical Technician** – DG operation & logs.
 • **Facility Manager** – Oversight & vendor coordination.
 • **Security Supervisor** – Communication & escalation.
 • **Secretary** – Compliance review.
 • **President/Board** – Budget & policy approval."
"What is the purpose of the RWH Monitoring & Maintenance SOP?","The SOP ensures efficient monitoring, cleaning, and functioning of the Rainwater Harvesting (RWH) system at The ACE Apartments to conserve water, enhance groundwater recharge, and meet statutory environmental norms."
"Who does this SOP apply to?","It applies to all RWH structures (recharge pits, collection chambers, filtration tanks, stormwater drains, and rooftop pipelines), the UPS Facility Management team, the Environment/Water Subcommittee, and the TAAOWA Board."
"What are the components of the RWH system in The ACE Apartments?","The system includes rooftop collection points, filter chambers (sand, gravel, charcoal, mesh), recharge pits/borewells, stormwater drains, silt traps, and overflow connections."
"Who is responsible for maintaining the RWH system?","• UPS Facility Manager – Monthly maintenance & report submission.
 • Maintenance Supervisor – Visual inspection after heavy rain.
 • RWH Vendor – Annual desilting and filter cleaning.
 • TAAOWA Water Subcommittee – Quarterly audits.
 • Secretary – Review and escalation of issues."
"What are the key inspection and maintenance activities?","• Monthly: Clean filters, remove debris from collection chambers, inspect downpipes and overflow lines.
 • Pre-Monsoon (May/June): Full desilting, filter replacement, slope and flow testing.
 • Post-Monsoon (Oct/Nov): Inspect for algae, cracks, and performance.
 • After heavy rain: Inspect within 48 hours for clogging or damage."
"What should residents do to support the RWH system?","Residents should avoid dumping waste into storm drains, report blockages, and keep rooftop drains clean of dry leaves or plastic."
"How often are RWH inspections conducted?","Routine inspections are done monthly by the Facility Manager, with quarterly audits by the Subcommittee and annual checks by authorized vendors before and after the monsoon season."
"What records are maintained for RWH monitoring?","• RWH Inspection Logbook (monthly)
 • Filter replacement and vendor reports
 • Pre/Post-Monsoon inspection reports
 • Photos of maintenance activities
 • Compliance certificates and audit reports."
"What is the escalation process for RWH-related issues?","• Blockage/Flooding – Report to UPS FM (Resolved within 24 hrs)
 • Structural Damage – Escalate to Secretary (Resolved within 3 days)
 • Contamination/Mosquito Issue – Secretary + President (48 hrs)
 • Major Engineering Issue – Board/RWH Vendor (7 days)."
"How is sustainability ensured through RWH?","• Reuse filtered water for gardening and washing.
 • Educate residents on conservation.
 • Install water-level indicators.
 • Conduct annual water audits.
 • Coordinate with CMWSSB for compliance."
"What safety measures are followed during RWH maintenance?","• Use non-slip covers for pits.
 • Wear gloves, masks, and boots during desilting.
 • Avoid confined-space entry without supervision.
 • Disconnect electrical lines near drainage systems.
 • Keep storm drains clear during monsoon."
"What are the Do’s for RWH maintenance?","✅ Do’s:
 • Inspect monthly and after major rains.
 • Replace filter media yearly.
 • Keep manholes covered.
 • Maintain accurate logs.
 • Conduct annual pre-monsoon cleaning.
 • Engage authorized vendors only."
"What are the Don’ts for RWH system users?","🚫 Don’ts:
 • Don’t dump waste or sand in drains.
 • Don’t tamper with RWH pits.
 • Don’t allow vehicle washing near recharge pits.
 • Don’t connect sewage to storm drains.
 • Don’t skip filter cleaning before monsoon."
"Who is accountable for RWH monitoring and performance?","• UPS Facility Manager – Monthly maintenance and records.
 • Secretary – Vendor coordination and oversight.
 • President – Review major issues.
 • Vendor – Technical servicing.
 • Board of Managers – Annual audits and sustainability reviews."
"How often is this SOP reviewed?","The SOP is reviewed annually before the monsoon season or immediately after major design or compliance changes."
"What is the purpose of the Vendor & Contractor Access Management SOP?","The SOP establishes a secure and compliant process for managing vendor and contractor entry, verification, supervision, and documentation within The ACE Apartments. It ensures only authorized and verified vendors operate inside the premises, maintaining safety, accountability, and operational integrity."
"Who does this SOP apply to?","This SOP applies to all vendors, contractors, and AMC service providers engaged by the Association or residents, along with the UPS Facility Management Team, Security personnel, and the Association Office responsible for oversight."
"What are the main objectives of the SOP?","• Allow only verified vendors and contractors.
 • Maintain strict gate access and ID verification.
 • Track vendor work completion and payments.
 • Prevent unauthorized labour, liability, or safety risks."
"Who are the key stakeholders and their responsibilities?","• **UPS Facility Manager:** Coordinate vendor contracts, verify documents, and maintain access logs.
 • **Security Team:** Control gate access, verify IDs, and check tools/materials.
 • **Vendors/Contractors:** Submit required documents, follow safety norms, and complete work responsibly.
 • **Secretary:** Approve onboarding and review performance.
 • **President/Board:** Finalize contracts and handle escalations."
"What documents are required for vendor registration?","Before operating within the premises, vendors must provide:
 • Company registration/GST copy
 • PAN card & address proof
 • Worker ID & police verification
 • Work order/purchase order copy
 • Insurance & safety declarations
 • NDA (if applicable)
 • PPE & equipment safety compliance
 • Health compliance certificate (if applicable)."
"What is the access approval process for vendors?","1️⃣ Pre-approval by Facility Manager or Secretary with vendor name, purpose, duration, and number of workers.
 2️⃣ Entry verification at gate against approved vendor list.
 3️⃣ Record entry in MyGate Vendor Access Log.
 4️⃣ Issue color-coded visitor/vendor pass.
 5️⃣ Log all tools and materials in Material Register.
 Unauthorized or unlisted vendors are denied entry and reported immediately."
"What are the working hours for vendors and contractors?","Vendor work is permitted only between **9:00 AM and 6:00 PM**, Monday to Saturday. Sunday or off-hour work requires written approval from the Secretary."
"What rules apply during vendor work inside the premises?","• Wear PPE at all times.
 • Avoid damaging common property.
 • Dispose waste daily outside premises.
 • Avoid noise/dust pollution.
 • Use only designated service lifts and washrooms.
 • Draw power only from approved maintenance sockets."
"How is material movement managed?","• **Tools & Equipment:** Checked and logged during entry and exit.
 • **Hazardous Items:** Require pre-approval and MSDS copy.
 • **Bulk Materials:** Offloaded only in designated areas.
 • **Waste/Debris:** Must be cleared daily, not dumped in common bins.
 • **Temporary Storage:** Allowed only with written permission."
"What are the payment and compliance requirements for vendors?","Payments are processed only after:
 • Work completion verification by FM.
 • Submission of signed completion report & invoice.
 • Approval by Secretary/Treasurer.
 AMC vendors must submit service reports after each visit. Vendor compliance records are maintained by the FM."
"What safety and environmental rules must vendors follow?","• Follow fire and waste management policies.
 • No smoking, alcohol, or littering.
 • Keep emergency exits clear.
 • Use PPE and isolate electrical/plumbing lines before working.
 • Vendors are liable for damages caused by negligence."
"What are the key Do’s for vendor and contractor management?","✅ Do’s:
 • Register and verify all vendors.
 • Maintain MyGate access logs.
 • Conduct safety briefings.
 • Use service routes/lifts only.
 • Ensure daily cleanup and waste removal.
 • Maintain vendor performance scores.
 • Conduct monthly vendor audits."
"What are the key Don’ts for vendors and contractors?","🚫 Don’ts:
 • Don’t allow unregistered vendors.
 • Don’t work beyond approved hours.
 • Don’t use residential lifts.
 • Don’t store materials in common areas.
 • Don’t process payment without inspection.
 • Don’t subcontract or replace workers.
 • Don’t violate PPE or safety rules."
"What is the escalation process for vendor-related issues?","• Unauthorized vendor – Security → FM (Immediate)
 • Contract non-compliance – FM → Secretary (24 hrs)
 • Safety violation – FM → President (2 hrs)
 • Payment dispute – Treasurer → Secretary (48 hrs)
 • Performance issues – FM → Board (Monthly review)."
"How often are vendor audits and reviews conducted?","The Facility Manager submits a monthly Vendor Access & Compliance Report, reviewed quarterly by the Secretary and annually by the Board for contract renewal or blacklisting if required."
"What records are maintained for vendor access?","• Vendor registration forms
 • Insurance & compliance certificates
 • Work orders and completion reports
 • Material movement logs
 • Payment vouchers & AMC logs
 • Monthly vendor access reports."
"Who is accountable for vendor and contractor management?","• **Security Guards:** Gate control & verification.
 • **Facility Manager:** Documentation & supervision.
 • **Secretary:** Contract and compliance review.
 • **Treasurer:** Payment authorization.
 • **President/Board:** Oversight & enforcement."
"What is the purpose of the Visitor Entry & Access Control SOP?","This SOP ensures a safe, technology-enabled visitor entry and intercom-controlled access system for The ACE Apartments, maintaining strict access control while providing convenience for residents."
"Who does this SOP apply to?","It applies to all security guards, the UPS Facility Management team, residents, tenants, visitors, delivery personnel, and vendors who enter or manage access within the premises."
"What are the main objectives of the access control process?","• Maintain 100% access control across all entry points.
 • Ensure lobby doors remain locked by default.
 • Prevent unauthorized or tailgating entry.
 • Allow residents to approve access via intercom or MyGate.
 • Maintain complete visitor logs for audit and security tracking."
"What is an access door or lobby gate?","It is an electronically controlled door installed at each residential tower lobby, linked to the building’s intercom system for controlled entry."
"What is tailgating and why is it prohibited?","Tailgating refers to unauthorized entry behind an approved visitor or resident without separate verification. It compromises building security and is strictly prohibited."
"What are the roles and responsibilities of each stakeholder?","• **Security Guards:** Verify visitor IDs, record entries in MyGate, and allow access only after resident approval.
 • **UPS Facility Manager:** Supervise system operations, ensure door locks and intercoms function correctly.
 • **Security Supervisor:** Monitor lobbies and ensure all doors remain locked.
 • **Residents/Tenants:** Approve or deny access requests.
 • **Secretary/President:** Review reports and authorize improvements."
"What is the standard visitor entry process?","At the **Main Gate:** Security verifies visitor identity, records entry in MyGate, and seeks resident approval. Once approved, the visitor is allowed up to the tower lobby.
 At the **Tower Lobby:** The visitor uses the intercom to call the resident, who verifies and unlocks the access door remotely. Unauthorized or unverified visitors are not allowed inside."
"How does the intercom access system work?","1️⃣ The visitor enters the resident’s flat number on the intercom panel.
 2️⃣ The resident receives an audio/video call.
 3️⃣ The resident verifies and presses “Unlock” to open the access door.
 4️⃣ If the call is denied or unanswered, the door remains locked."
"What happens if the intercom or door system malfunctions?","Visitors must return to the main gate for manual verification and entry approval by the Facility Manager. Manual records are maintained until the system is restored."
"Are delivery agents allowed beyond the lobby door?","No. Delivery agents (Swiggy, Zomato, Amazon, etc.) are not permitted beyond the lobby door unless the resident explicitly approves via intercom or MyGate. Residents may collect parcels at the lobby entrance."
"How is security maintained if a door is left open?","All lobby doors are auto-locking. If left open for more than 30 seconds, an alert triggers. Guards must ensure no objects block the door, and Facility Manager checks lock functionality daily."
"What is the visitor exit process?","Visitors must exit through the same lobby door used for entry. Security verifies their exit in MyGate and closes the visitor log. Delivery and vendor passes expire the same day."
"How often are security patrols conducted at night?","Random checks are conducted every 2 hours by the Security Supervisor to confirm lobby door locking and camera functioning. Reports are submitted to the Facility Manager each morning."
"What are the Do’s for residents and staff?","✅ Do’s:
 • Keep lobby doors locked.
 • Verify visitors via intercom before unlocking.
 • Report faulty locks or intercoms.
 • Use intercom only for verification.
 • Ensure security checks camera feeds regularly.
 • Collect deliveries at lobby if unsure about access."
"What are the Don’ts for residents and staff?","🚫 Don’ts:
 • Don’t leave access doors open or override locks.
 • Don’t allow tailgating or unverified access.
 • Don’t disable alarms or tamper with intercom systems.
 • Don’t share intercom credentials.
 • Don’t let vendors or delivery personnel use resident intercoms."
"What is the escalation process for access issues or security breaches?","• Access door malfunction – Facility Manager (2 hrs response)
 • Security protocol breach – Security Supervisor (Immediate)
 • Intercom system failure – FM → Vendor (4 hrs)
 • Unauthorized entry – Secretary/President (Immediate)
 • Tailgating or trespass – Security + Police (Immediate)."
"What reports and logs are maintained for visitor access?","• MyGate Visitor Logs (digital)
 • Access Door Audit Logs (if available)
 • Maintenance & Service Reports
 • Patrol Logbooks (physical/digital)
 All records are retained for at least one year."
"How is compliance and review handled?","Facility Manager reviews access reports monthly, and the Board conducts quarterly audits. Corrective actions are taken for repeated security lapses."
"Who is accountable for visitor and access control management?","• **Security Guards:** Verification and logging.
 • **Facility Manager:** System upkeep and compliance.
 • **Residents:** Responsible approvals.
 • **Secretary:** Oversight.
 • **President/Board:** Policy and escalation."
"What is the purpose of the WTP & STP SOP?","This SOP ensures the continuous, safe, and compliant operation of the Water Treatment Plant (WTP) and Sewage Treatment Plant (STP) within The ACE Apartments to provide clean drinking water and environmentally responsible wastewater treatment as per TNPCB and CMWSSB norms."
"Who does this SOP apply to?","It applies to the UPS Facility Management (FM) Team, authorized vendors, operators, and the Association Board members responsible for water management oversight."
"What are the main objectives of the SOP?","• Ensure 24×7 water supply to all residents.
 • Maintain STP performance within PCB limits.
 • Optimize energy and chemical usage.
 • Prevent wastage, overflow, and contamination.
 • Maintain transparent records for audits and statutory compliance."
"Who is responsible for managing the WTP and STP operations?","• **Facility Manager / UPS FM Team:** Daily operation, reading logs, maintenance, and vendor coordination.
 • **Association Secretary:** Reviews reports, approves AMC and lab testing.
 • **Vendors/Service Providers:** Perform preventive maintenance and calibration.
 • **President/Board:** Oversee compliance and approve major expenses."
"What is the daily operation process for the Water Treatment Plant (WTP)?","• Raw water drawn from borewell/CMWSSB.
 • Filtration through sand filter → carbon filter → softener → RO (if applicable).
 • Maintain chlorine level between 0.2–0.5 ppm.
 • Backwash filters daily.
 • Check pump seals, bearings, and pressure (1.5–3 bar).
 • Record inlet/outlet TDS, pH, and flow data in logbook."
"What is the daily operation process for the Sewage Treatment Plant (STP)?","• Check inflow and equalization levels twice daily.
 • Maintain aeration for at least 18 hours/day.
 • Ensure MLSS (2500–3500 mg/L) and DO (>2 mg/L).
 • Dewater sludge weekly and send it to authorized disposal vendors.
 • Chlorinate treated water for reuse in flushing/gardening.
 • Keep potable and treated lines strictly separate."
"What is the preventive maintenance schedule for WTP/STP?","• Filter backwash & chlorine level check – Daily
 • Pump inspection – Weekly
 • Sludge removal – Weekly
 • Sensor calibration – Monthly
 • Water testing (potable & treated) – Monthly
 • Filter media replacement – Half-yearly
 • AMC servicing – Quarterly
 • Tank cleaning – Quarterly
 • Safety audit & emergency drill – Half-yearly"
"What actions are taken during a power failure or equipment breakdown?","• Use DG backup to restore operation sequentially to prevent surge.
 • Switch to standby pumps or blowers.
 • Isolate leaking valves and stop overflow.
 • If contamination is suspected, stop distribution and test samples immediately.
 • All incidents must be logged and reported within 24 hours."
"What kind of records are maintained for WTP/STP operations?","• WTP & STP daily log sheets.
 • Chemical stock register.
 • Equipment maintenance register.
 • Water testing reports.
 • AMC and vendor certificates.
 • Energy and runtime data.
 All records are stored digitally for at least 3 years."
"What safety measures must be followed in the plant areas?","• Use PPE (gloves, boots, masks, goggles) while handling chemicals.
 • Keep areas ventilated and clean.
 • Maintain signage and restricted access.
 • Follow TNPCB and CMWSSB standards.
 • Keep fire extinguishers and first aid kits accessible."
"What are the key Do’s for WTP & STP operations?","✅ Do’s:
 • Operate plants as per OEM guidelines.
 • Conduct chlorine and pH tests daily.
 • Maintain PPE and clean records.
 • Dispose sludge through authorized handlers.
 • Use treated water only for flushing/gardening.
 • Lock and clean plant rooms regularly."
"What are the important Don’ts in WTP/STP operations?","🚫 Don’ts:
 • Don’t mix treated and potable water lines.
 • Don’t bypass aeration or chlorination.
 • Don’t handle chemicals without PPE.
 • Don’t allow unauthorized entry.
 • Don’t dump sludge in open areas.
 • Don’t ignore sensor warnings or alarms."
"What is the escalation process for WTP/STP issues?","• Routine faults – Operator → FM → Secretary
 • Major equipment failure – FM → Vendor → President
 • Water quality non-compliance – FM → Secretary → Board
 • Environmental or safety incident – FM → Secretary → TNPCB (as needed)."
"How is the WTP/STP performance reviewed and audited?","• Monthly audit by Facility Manager.
 • Quarterly inspection by Secretary & President.
 • Annual environmental audit as per TNPCB guidelines."
"Who is accountable for WTP/STP operations and compliance?","• **Operator:** Daily operation and log entries.
 • **Facility Manager:** Supervision and reporting.
 • **Vendor:** Maintenance and calibration.
 • **Secretary:** Documentation and compliance.
 • **President/Board:** Policy and audit oversight."
"What is the purpose of the Waste Collection & Segregation SOP?","This SOP ensures safe, hygienic, and environmentally responsible waste collection, segregation, and disposal in compliance with municipal Solid Waste Management Rules and TAAOWA community guidelines."
"Who does this SOP apply to?","It applies to all residents, tenants, housekeeping staff, waste collection vendors, the Facility Manager, and the Association Board overseeing waste management compliance."
"What types of waste are defined in this SOP?","• **Wet Waste (Biodegradable):** Food scraps, fruit/vegetable peels, garden waste.
 • **Dry Waste (Recyclable):** Paper, cardboard, plastics, glass, metals.
 • **Hazardous Waste:** E-waste, medical waste, sanitary pads, chemicals.
 • **Bulk Waste:** Old furniture, mattresses, large packaging materials."
"What bye-laws and regulations is this SOP aligned with?","The SOP follows the Solid Waste Management Rules, 2016, and local municipal guidelines that mandate waste segregation at source and authorised disposal. Non-compliance attracts fines."
"What are the responsibilities of residents for waste management?","Residents must:
 • Segregate waste into three bins – Green (Wet), Blue (Dry), and Red (Hazardous).
 • Hand over waste daily before 10:00 AM to housekeeping staff.
 • Inform the Facility Manager 48 hours in advance for bulk waste disposal.
 • Use biodegradable liners for wet waste bins.
 • Avoid mixing waste types or dumping in corridors."
"What is the daily waste collection process?","• Housekeeping staff collect waste door-to-door daily using colour-coded bins/trolleys.
 • Collection must be completed before 11:00 AM.
 • Missed flats are recorded in a daily collection register.
 • Housekeeping must wear gloves, masks, and uniforms during handling."
"How is waste disposal managed after collection?","• Wet and dry waste are handed over separately to GCC/ULB-authorised municipal trucks.
 • Hazardous waste is stored in a designated bin and sent only to authorised agencies.
 • Bulk waste is picked up by special vendor trucks as per FM coordination."
"What are the compliance and monitoring steps?","• Supervisors inspect segregation quality during collection.
 • Flats not following segregation receive warnings from FM.
 • Repeated violations attract fines or disciplinary action."
"Who is responsible for enforcing waste segregation and compliance?","• **Residents:** Proper segregation and timely handover.
 • **Housekeeping Staff:** Collection and record maintenance.
 • **Facility Manager:** Supervision, vendor coordination, and fines.
 • **Association Board:** Policy approval and contract management."
"What is the escalation matrix for waste-related issues?","• Segregation issue – Resident → Housekeeping Supervisor → FM.
 • Missed collection – Resident → Security → FM.
 • Vendor non-compliance – FM → Secretary.
 • Major issues – Secretary → President/Board."
"What are the Do’s for waste collection and segregation?","✅ Do’s:
 • Keep bins covered to avoid odour or pests.
 • Rinse recyclables before disposal.
 • Use biodegradable bags for wet waste.
 • Inform FM in advance for bulk disposal.
 • Follow colour-coded segregation strictly."
"What are the Don’ts for waste management?","🚫 Don’ts:
 • Don’t mix wet and dry waste.
 • Don’t throw waste from balconies or corridors.
 • Don’t delay waste handover beyond 10:00 AM.
 • Don’t dispose of hazardous waste in regular bins.
 • Don’t use non-biodegradable bags for wet waste."
"What penalties apply for non-compliance?","Residents failing to segregate or comply after warnings may face fines as defined by the Association policy or municipal guidelines."
"How is hazardous and bulk waste managed separately?","• **Hazardous Waste:** Stored in designated bins and handed only to certified vendors.
 • **Bulk Waste:** Residents must inform FM 48 hours in advance; collected by vendor truck."
"Who is ultimately accountable for overall waste management?","• **Facility Manager:** Operational compliance and vendor coordination.
 • **Housekeeping Supervisor:** Daily collection oversight.
 • **Residents:** Proper segregation.
 • **Board:** Oversight and contract management."
"What is the purpose of this SOP?","The SOP defines the working structure, duties, communication protocols, and conduct guidelines for the UPS Facility Management (FM) team and TAAOWA office operations, ensuring professional, transparent, and efficient service delivery."
"What are the office operating hours?","The TAAOWA office operates from **10:00 AM to 5:00 PM, Monday to Saturday**. The office remains closed on **Sundays and Tamil Nadu Government public holidays**. Lunch break is from **1:00 PM to 1:30 PM** (staggered to ensure service continuity)."
"Who should residents contact in case of emergency?","Residents should contact the **UPS Facility Manager** directly or raise a ticket through **MyGate Helpdesk (24×7)** for emergencies such as water leakage, power failure, or safety incidents."
"Who are the main personnel managing TAAOWA operations?","• **Society Office Administrator (TAAOWA):** Liaison between the Board and UPS team, maintains registers and communications, ensures compliance.
 • **UPS Facility Manager:** Oversees all technical, housekeeping, and security operations, ensures adherence to protocols.
 • **UPS Maintenance Supervisor:** Leads technical staff, conducts inspections, maintains maintenance logs.
 • **Housekeeping & Security Staff:** Maintain cleanliness, visitor entries, and resident interactions."
"What are the key responsibilities of the UPS Facility Manager?","• Supervise all operations – electrical, plumbing, housekeeping, and safety.
 • Verify attendance, logs, and vendor visits daily.
 • Maintain preventive maintenance schedules.
 • Report daily updates and exceptions to the Secretary.
 • Ensure compliance with all SOPs and statutory requirements."
"What are the daily operational activities managed by the UPS team?","• Complaint logging and MyGate ticket tracking.
 • Staff attendance and vendor verification.
 • Preventive maintenance checklist updates.
 • Petty cash and expense record updates.
 • Daily and weekly reports submission to Secretary."
"How often are maintenance reviews and reports conducted?","• **Daily:** Staff verification and maintenance checks.
 • **Weekly:** Facility Manager submits reports to the Secretary.
 • **Monthly:** Board reviews vendor/service provider performance.
 • **Quarterly:** Emergency drills and safety checks are conducted."
"What are the communication and documentation protocols?","• All communication by UPS team must be logged in MyGate or official logbooks.
 • Daily maintenance reports are submitted via email or hard copy to Secretary/President.
 • Notices, circulars, and invoices can only be issued via TAAOWA Office.
 • All resident complaints must be acknowledged within 24 hours and resolved within 3–5 working days."
"What is the expected code of conduct for the UPS and office staff?","✅ **Do’s:**
 • Be punctual, courteous, and professional.
 • Follow TAAOWA processes and hierarchy.
 • Respect resident privacy.
 • Use society assets responsibly.
 • Wear uniform and ID card on duty.
 • Accurately use MyGate for work tracking.
 
 🚫 **Don’ts:**
 • Don’t accept gifts, cash, or tips.
 • Don’t argue with residents or colleagues.
 • Don’t leave premises without informing FM.
 • Don’t misuse society assets or data.
 • Don’t delay reporting of breakdowns or conflicts."
"How are staff performance and discipline monitored?","• **Daily:** UPS FM reports to Secretary.
 • **Monthly:** Joint inspection with Board.
 • **Quarterly:** Performance review by President, Secretary, and UPS Manager.
 • Penalties include verbal warning, written warning, or replacement for non-compliance."
"What are the escalation levels for different operational issues?","• **Electrical/Plumbing/DG/STP:** Supervisor → FM → Secretary
 • **Housekeeping/Waste/Garden:** Housekeeping Supervisor → FM → Secretary
 • **Security/Access/CCTV:** Security Supervisor → FM → Vice President
 • **Vendor/AMC:** FM → Secretary → President
 • **Staff Misconduct:** FM → Secretary → President/Board."
"What records must be maintained in the society office?","• Daily attendance sheets (staff & vendors)
 • Complaint and maintenance registers
 • Asset and service logbooks
 • Petty cash and expense vouchers
 • Fire safety and license checklists
 • AMC agreements and insurance copies."
"What are the Do’s and Don’ts for residents interacting with UPS staff?","✅ **Do’s:**
 • Communicate politely and through official channels (MyGate or office).
 • Report issues promptly for resolution.
 • Appreciate good service through official feedback.
 
 🚫 **Don’ts:**
 • Don’t directly assign tasks outside scope.
 • Don’t offer tips or personal rewards.
 • Don’t bypass reporting hierarchy."
"Who is accountable for overall office operations?","• **UPS Facility Manager:** Daily execution and compliance.
 • **Society Administrator:** Documentation and liaison.
 • **Secretary:** Oversight and policy enforcement.
 • **President/Board:** Governance and final escalation."
"What is the purpose of this SOP?","The purpose of this SOP is to ensure the safe, hygienic, and disciplined use of the swimming pool facilities at The ACE Apartments, maintaining high operational and safety standards in line with CPCB and WHO guidelines."
"Who does this SOP apply to?","It applies to all residents, tenants, guests, UPS Facility Management staff, security, and housekeeping personnel involved in pool operations and supervision."
"What are the main objectives of this SOP?","• Maintain hygiene and safety standards.
 • Regulate pool operational hours.
 • Ensure proper supervision and prevent accidents.
 • Define maintenance schedules and staff responsibilities."
"What are the pool timings?","• Morning Session: 6:00 AM – 10:00 AM
 • Maintenance Break: 10:00 AM – 3:00 PM (pool closed)
 • Evening Session: 4:00 PM – 9:00 PM
 • Weekly Deep Cleaning: Every Monday, 10:00 AM – 4:00 PM
 Note: Pool remains closed during thunderstorms, chemical treatments, or emergency maintenance."
"Who can use the swimming pool?","• Only registered residents and tenants.
 • Guests accompanied by residents after proper entry in the visitor register.
 • Children below 12 years must be accompanied by an adult.
 • Residents with open wounds, skin infections, or contagious illnesses are not allowed."
"What are the swimming pool usage rules?","• Shower before entering the pool.
 • Use only approved swimwear (nylon/spandex).
 • No food, drinks, or glass items near pool.
 • No diving, pushing, or running.
 • No pets or smoking allowed.
 • Follow staff instructions at all times.
 • Report hazards immediately to Facility Manager."
"What safety measures are implemented at the pool?","• Regular water quality checks (chlorine and pH levels).
 • Safety signage around the pool.
 • Lifebuoys, poles, first aid kits, and AEDs available.
 • Security and FM staff oversee pool area.
 • Emergency procedures and lifeguard (if deployed)."
"What is the maintenance and water quality protocol?","• Filtration runs daily from 10 AM to 3 PM.
 • Chlorination every morning and pH tests twice daily (7.2–7.6 ideal).
 • Partial water top-up weekly and full drain every 60 days.
 • Skimmer and deck cleaning daily.
 • Deep cleaning every Monday."
"What safety equipment is available near the pool?","• Lifebuoy rings (min. 2)
 • Rescue poles/hooks
 • First aid kit
 • AED (in Clubhouse)
 • Fire extinguisher (CO₂/DCP)
 • Signage boards and depth markings
 All equipment is checked daily or weekly as per checklist."
"How is pool housekeeping maintained?","• Deck and benches cleaned daily.
 • Changing rooms cleaned twice daily.
 • Waste bins cleared regularly.
 • Pool floor vacuumed weekly.
 • Pest control and disinfection monthly."
"What should be done in case of an emergency or accident?","• Lifeguard/Security to assist and remove person from water.
 • Call Facility Manager and Ambulance (108).
 • Use AED or first aid if needed.
 • Stop pool activity until cleared.
 • Record incident in register and inform Secretary/President."
"What are the key Do’s for residents using the pool?","✅ Do’s:
 • Shower before use.
 • Wear approved swimwear.
 • Supervise children.
 • Follow pool timings.
 • Report hazards.
 • Keep pool area clean.
 • Respect privacy and decorum."
"What are the Don’ts for pool users?","🚫 Don’ts:
 • Don’t dive or run on deck.
 • Don’t use pool under alcohol influence.
 • Don’t enter during cleaning or chemical treatment.
 • Don’t bring food, drinks, or glassware.
 • Don’t tamper with pool equipment.
 • Don’t host private lessons without permission."
"Who to contact for pool-related issues?","• Hygiene/water issues – Housekeeping Supervisor → Facility Manager (resolved within 2 hours).
 • Equipment or safety issues – Security/Lifeguard → FM (immediate).
 • Accidents or violations – FM → Secretary/President (immediate)."
"What records are maintained for pool operations?","• Daily operation logbook (chlorine, pH, usage count).
 • Chemical treatment records.
 • Incident register.
 • Visitor/guest log.
 • Monthly maintenance report.
 All records are retained for one year."
"Who is accountable for pool operations and safety?","• **Facility Manager:** Daily safety and water quality.
 • **Housekeeping Supervisor:** Cleanliness.
 • **Security Supervisor:** Entry control.
 • **Lifeguard (if deployed):** Safety and response.
 • **Residents:** Compliance with rules.
 • **Secretary & President:** Oversight and enforcement."
"What is the purpose of the Gym Usage & Safety SOP?","This SOP ensures safe, disciplined, and hygienic use of the community gym by residents of The ACE Apartments while maintaining all fitness equipment in good condition."
"Who does this SOP apply to?","It applies to all residents (owners and tenants), UPS Facility Management and housekeeping staff, security personnel for access control, and the Association Office managing maintenance and incident reporting."
"What are the main objectives of this SOP?","• Promote responsible fitness habits.
 • Prevent injuries and misuse of gym equipment.
 • Maintain hygiene and sanitation.
 • Define clear conduct and timing regulations."
"What are the official gym timings?","• Morning Session: 5:30 AM – 10:00 AM
 • Cleaning/Maintenance: 10:00 AM – 4:00 PM
 • Evening Session: 4:00 PM – 10:00 PM
 • Weekly Deep Cleaning: Every Monday, 10:00 AM – 4:00 PM
 Note: Gym may close during repair or sanitation drives."
"Who can use the gym?","• Only registered residents aged 18 and above.
 • Minors aged 15–17 years may use the gym under adult supervision.
 • Guests are not allowed.
 • Residents must complete a one-time Gym Declaration Form.
 • Commercial or paid training sessions are strictly prohibited."
"Can residents hire personal trainers?","Yes, residents may bring their personal trainers after prior registration with the Facility Office and approval on MyGate. Trainers must submit valid ID proof, address proof, and certification (if applicable). Unregistered trainers are not permitted."
"What are the general gym usage rules?","• Wear proper sports attire and shoes.
 • No barefoot workouts.
 • Carry personal towel and water bottle.
 • Wipe down equipment after use.
 • No loud music or shouting.
 • No food, smoking, or alcohol.
 • Return weights to racks after use.
 • Report damaged machines immediately.
 • Maintain hygiene and decorum."
"What safety measures must residents follow?","• Warm up and stretch before exercising.
 • Use safety locks and clips properly.
 • Stop if feeling pain, dizziness, or fatigue.
 • Keep emergency contact details visible.
 • AED and First Aid kits are located at the clubhouse reception.
 • Report any malfunction immediately to FM."
"How often is the gym cleaned and maintained?","• Equipment sanitization – Twice daily.
 • Floor and mirror cleaning – Twice daily.
 • Equipment lubrication – Weekly.
 • AC and electrical checks – Monthly.
 • Pest control – Quarterly.
 • Deep cleaning – Every Monday."
"What are the proper equipment handling rules?","• Limit treadmill and cardio use to 30 minutes during peak hours.
 • Clean shoes before using machines.
 • Use spotters for heavy lifts.
 • Avoid slamming weights.
 • Wipe mats and benches before and after use.
 • Report faulty equipment immediately."
"How is the gym cleaned daily?","Housekeeping cleans:
 • Floors, mirrors, and handles twice daily.
 • Equipment surfaces with disinfectant.
 • Gym mats every evening.
 • Trash bins emptied daily."
"What should be done in case of an injury or emergency?","• Stop workout immediately.
 • Inform the Facility Manager or Security.
 • Use first aid/AED if necessary.
 • Call Ambulance (108) for serious injuries.
 • Record incident in Gym Incident Register.
 • Isolate defective equipment until repaired."
"What are the Do’s and Don’ts for gym users?","✅ **Do’s:**
 • Follow timings and dress code.
 • Wipe machines after use.
 • Share equipment fairly.
 • Keep music low.
 • Register trainers officially.
 
 🚫 **Don’ts:**
 • Don’t bring outsiders or unregistered trainers.
 • Don’t eat or drink (except water).
 • Don’t drop weights.
 • Don’t monopolize machines.
 • Don’t misuse electrical equipment."
"How are issues and complaints handled?","• Equipment malfunction – Facility Manager → Vendor (within 24 hrs)
 • Injury or accident – FM/Security → Secretary (immediate)
 • Cleanliness complaints – Housekeeping → FM (within 1 hr)
 • Misuse or noise issues – Security → FM/Secretary (immediate)
 • Unregistered trainer – FM → Secretary/President (immediate)."
"What records are maintained for gym operations?","• Gym User & Trainer Register.
 • Maintenance and cleaning logs.
 • Incident Register.
 • Vendor AMC & Service Reports.
 All records are retained for a minimum of one year."
"Who is accountable for gym operations and safety?","• **Facility Manager:** Maintenance and safety compliance.
 • **Housekeeping Supervisor:** Hygiene and cleaning.
 • **Security Supervisor:** Access control.
 • **Residents:** Responsible usage.
 • **Secretary & President:** Oversight and enforcement."
"What is the purpose of this SOP?","This SOP defines the rules and responsibilities for the safe, responsible, and fair use of the Indoor Games Room at The ACE Apartments. It ensures proper conduct, protection of community assets, and enjoyable recreation for all residents."
"Who does this SOP apply to?","This SOP applies to all residents (owners and tenants) aged 12 years and above, as well as the UPS Facility Management (FM), Security, and Housekeeping staff responsible for monitoring and maintenance."
"What are the main objectives of this SOP?","• Promote healthy and respectful recreation.
 • Maintain gaming equipment in good condition.
 • Prevent misuse, damage, or theft.
 • Ensure discipline and fairness in shared facilities."
"What is the minimum age for using the Games Room?","The Games Room is strictly for residents aged **12 years and above**. Children below 12 are not permitted, even under adult supervision."
"What are the operating hours of the Games Room?","The Games Room is open from **6:00 AM to 10:00 PM**. Security locks the room after 10:00 PM daily."
"Do residents need to book or reserve the Games Room in advance?","No booking is required. Access is **first-come, first-serve** during operational hours."
"Can guests use the Games Room?","Yes, guests may use the Games Room only if accompanied by a resident. The resident is fully responsible for guest behavior and adherence to rules."
"What games and equipment are available?","The Games Room includes:
 • Table Tennis Table (TT)
 • Foosball Table
 • Carrom Boards
 • Board Games (as provided by the Association)
 All items are community property and must remain in the room after use."
"What are the general usage rules of amenities?","• Handle all equipment with care.
 • No coaching, gambling, or commercial use.
 • No food, drinks, or chewing gum.
 • Maintain silence and avoid loud behavior.
 • Return all accessories (bats, balls, coins) after use.
 • Switch off lights and AC when leaving.
 • Maximum capacity: 10 persons at a time.
 • CCTV surveillance is active to prevent misuse."
"Are children below 12 allowed if parents supervise them?","No. Children below 12 are strictly not allowed inside the Games Room, even under supervision."
"What happens if a resident damages or removes any equipment?","Any damage or loss must be reported immediately. The responsible resident must **replace or pay for damages**. Intentional misuse or theft results in **access suspension, monetary penalty, and escalation to the Association Board**."
"Is there CCTV monitoring inside the Games Room?","Yes, CCTV cameras are installed and monitored by the Security team to prevent misuse or theft."
"What is the cleaning and maintenance schedule?","• Dusting – Twice daily (Housekeeping)
 • Equipment sanitization – Daily
 • Equipment inspection – Weekly (FM)
 • Furniture check – Monthly
 • AC & lighting maintenance – Monthly
 • Pest control – Quarterly
 • Deep cleaning – Weekly (Monday)."
"What are the safety and conduct rules for users?","• Play safely and responsibly.
 • Avoid crowding beyond 10 people.
 • No running or rough play.
 • Respect fellow residents’ turns.
 • The Association is not liable for injuries caused by unsafe play."
"What are the Do’s for Games Room users?","✅ Do’s:
 • Use all equipment properly.
 • Keep the room tidy.
 • Report any issues to FM/Security.
 • Maintain silence and discipline.
 • Turn off lights and AC after use.
 • Respect CCTV monitoring."
"What are the Don’ts for Games Room users?","🚫 Don’ts:
 • Don’t allow children under 12 inside.
 • Don’t take equipment home.
 • Don’t eat, drink, or smoke inside.
 • Don’t damage or misuse furniture.
 • Don’t play roughly or argue.
 • Don’t tamper with CCTV or electrical fixtures.
 • Don’t host paid or betting activities."
"Who should residents contact for missing or damaged equipment?","Residents should report missing or damaged items to **Security or the Facility Manager**, who will escalate to the **Secretary** within 24 hours."
"What is the escalation matrix for Games Room issues?","• Missing/damaged items – Security/FM → Secretary (24 hrs)
 • Misuse/theft – FM → President/Board (Immediate)
 • Cleanliness issue – Housekeeping Supervisor → FM (1 hr)
 • Noise/disturbance – Security → FM (Immediate)
 • Repeat violations – FM → Association Board (24 hrs)."
"What logs and records are maintained?","• Daily cleaning & inspection log
 • Damage/incident register
 • Equipment condition & replacement log
 • CCTV review reports (if incidents occur)
 All records are maintained for **at least one year**."
"Who is accountable for Games Room operations?","• **Facility Manager:** Maintenance and issue tracking.
 • **Housekeeping Supervisor:** Daily cleaning and sanitization.
 • **Security Supervisor:** CCTV and access control.
 • **Residents:** Responsible use.
 • **Secretary:** Review of incidents.
 • **President/Board:** Final disciplinary authority."
"What is the purpose of the Guest Suite / Guest House SOP?","The SOP provides clear guidelines for booking, using, maintaining, and monitoring the Guest Suite at The ACE Apartments. It ensures fair access, hygiene, safety, and accountability while maintaining transparency in booking and payment processes."
"Who can book the Guest Suite?","Only registered residents (owners or tenants) can book the Guest Suite for accommodating their personal guests. Guests cannot directly request bookings."
"Where is the Guest Suite located?","The Guest Suite is located within the Clubhouse premises of The ACE Apartments, designed for short-term stays by resident guests."
"What are the booking timings and stay duration?","• Check-in: 12:00 PM
 • Check-out: 11:00 AM (next day)
 • Minimum booking: 1 night
 • Maximum stay: 3 consecutive nights (can be extended with approval from the Secretary)."
"How can residents book the Guest Suite?","Bookings can be made through:
 • The TAAOWA Office during working hours.
 • The MyGate app (if available under amenities).
 Residents must fill a Guest Suite Booking Form, provide guest details, and pay charges in advance."
"What documents are required for booking?","Residents must submit:
 • Guest’s valid ID proof (Aadhaar/Passport).
 • Resident’s flat number and contact details.
 • Booking form with signature.
 • Payment confirmation (advance)."
"Is advance payment mandatory?","Yes. Full advance payment is mandatory before check-in. Booking will be confirmed only after payment."
"Can residents cancel their booking?","Yes. Bookings can be cancelled with the following refund policy:
 • 24+ hrs before check-in – 100% refund.
 • Less than 24 hrs – 50% refund.
 • No-show – No refund."
"What amenities are available in the Guest Suite?","• Bed, mattress, linens, and pillows
 • Air conditioner and ceiling fan
 • Geyser and attached washroom
 • Drinking water and kettle
 • Wi-Fi and TV (if provided)
 • Table, chairs, and basic toiletries
 All amenities are maintained by UPS FM."
"Are cooking or pets allowed inside the Guest Suite?","Cooking, smoking, and pets are strictly prohibited inside the Guest Suite to maintain hygiene and prevent damage."
"What are the key usage rules for guests?","• Maintain cleanliness and decorum.
 • No smoking, alcohol, or loud noise.
 • Avoid rearranging furniture or removing items.
 • Do not host parties or non-resident visitors.
 • Report damages immediately.
 • Maximum occupancy: 2 adults and 1 child per room."
"Who is responsible for damages or losses in the Guest Suite?","The booking resident is fully responsible for any damage, loss, or misuse during the guest’s stay. Repair or replacement costs will be deducted from the security deposit or recovered directly."
"How is housekeeping managed?","• Pre-check-in cleaning: Housekeeping ensures cleanliness and replenishes supplies before guest arrival.
 • Mid-stay cleaning: Upon guest request, chargeable at ₹100 per cleaning.
 • Post-checkout cleaning: Conducted by FM team before next booking."
"Who handles the check-in and check-out process?","• **Check-in:** Guest registers at security, provides ID proof, and collects the key from the Facility Office.
 • **Check-out:** Room is inspected by housekeeping and FM before key return.
 • Deposit (if applicable) is refunded post-inspection."
"What are the Do’s for residents and guests?","✅ Do’s:
 • Maintain hygiene and respect the property.
 • Follow check-in/check-out timings.
 • Use appliances and utilities responsibly.
 • Report any issues immediately.
 • Cooperate with security and FM staff."
"What are the Don’ts for residents and guests?","🚫 Don’ts:
 • Don’t smoke or drink inside the suite.
 • Don’t host unregistered visitors.
 • Don’t damage furnishings or fittings.
 • Don’t use electrical items excessively.
 • Don’t tamper with CCTV or locks."
"What is the penalty for misuse or rule violations?","• ₹500 fine for smoking or alcohol use.
 • ₹1000 fine for damage or missing items.
 • Suspension of booking rights for repeated violations.
 • Severe misconduct escalated to the Association Board."
"Who is responsible for monitoring and maintenance of the Guest Suite?","• **Facility Manager:** Operational oversight and vendor coordination.
 • **Housekeeping Supervisor:** Cleanliness and inspection.
 • **Security:** Access control and record keeping.
 • **Secretary:** Approvals and financial review.
 • **President/Board:** Final oversight and policy changes."
"What records are maintained for Guest Suite usage?","• Booking register (manual/digital)
 • Payment and refund log
 • Guest ID copies
 • Cleaning and inspection checklist
 • Damage and penalty log
 • Monthly summary report to Board."
"What is the escalation process for issues related to the Guest Suite?","• Booking/payment issue – Resident → Facility Manager (Immediate)
 • Cleanliness issue – Resident → Housekeeping → FM (2 hrs)
 • Damage/dispute – FM → Secretary → President (24 hrs)
 • Repeated misuse – Secretary → Board (48 hrs)."
"Who is accountable for compliance and review of this SOP?","• **Facility Manager:** Operational compliance.
 • **Secretary:** Booking oversight and audit.
 • **President:** Final decision-making and policy updates.
 • **Board:** Annual SOP review and tariff revision."
"What is the purpose of this SOP?","This SOP provides structured guidelines for planning, organizing, and managing community festivals and events within The ACE Apartments. It ensures safety, fairness, and community engagement while maintaining discipline and order."
"Who does this SOP apply to?","It applies to:
 • Residents and vendors participating in community events.
 • UPS Facility Management (FM), Security, and Housekeeping staff managing event operations.
 • The Association Managing Committee overseeing approvals and compliance."
"What are the main objectives of this SOP?","• Foster community engagement and cultural unity.
 • Ensure fair and transparent stall allocation.
 • Maintain event safety, hygiene, and decorum.
 • Enforce accountability for payments and compliance."
"What types of events are covered under this SOP?","All Association-organized or community-driven events such as Independence Day, Diwali, Christmas, Pongal, and New Year celebrations."
"How are community events approved?","All events must be pre-approved by the Association Managing Committee. An Event Committee or Subcommittee may be formed to manage planning, logistics, and resident communication."
"What are the responsibilities of the Event Committee?","• Define event schedule and layout.
 • Coordinate with FM, Security, and Housekeeping.
 • Inform residents at least 7 days in advance via MyGate or circular.
 • Ensure events conclude by 10:00 PM to comply with noise norms."
"What is the maximum time an event can run?","Events must end by **10:00 PM** sharp in compliance with local noise regulations and civic norms."
"How is stall allocation managed?","• Stall size: 6x6 ft per stall
 • Furniture provided: 2 tables + 2 chairs
 • Fee: ₹2,500 for entire event duration
 • Allocation: First-come, first-served basis via Facility Office or MyGate.
 • Payment: Advance payment required via UPI, transfer, or cash."
"Who can book stalls?","Eligible participants include residents, resident-owned businesses, and pre-approved vendors only."
"What are the setup and dismantling timelines for stalls?","• Setup allowed: 2 hours before event start.
 • Dismantling: Within 1 hour after event ends.
 • Stalls must be cleared and cleaned before leaving."
"What are the payment and refund rules?","• Stall fee: ₹2,500, payable during booking.
 • No refunds for cancellations within 48 hours of the event.
 • Full refund if event is canceled by the Association.
 • Extra charges may apply for electricity use."
"What items or activities are not allowed in stalls?","🚫 Prohibited:
 • Open flames or gas stoves (unless pre-approved).
 • Alcohol, tobacco, or objectionable materials.
 • Loud or disruptive music.
 • Hazardous items or sharp tools.
 • Blocking of walkways or fire exits."
"What are the general event conduct rules for all participants?","• Maintain discipline and respect community spirit.
 • Use Association-approved sound systems.
 • Keep volume within permitted levels.
 • No unauthorized banners, posters, or branding.
 • Supervise children and avoid crowding.
 • Pets are not allowed in event zones."
"How is safety and security ensured during events?","• Safe electrical connections and fire extinguishers at event sites.
 • Security and crowd management by UPS FM.
 • CCTV surveillance during the event.
 • Waste bins placed throughout venue.
 • Housekeeping for cleanup before and after events."
"What are the Do’s for event participants?","✅ Do’s:
 • Book stalls only via official channels.
 • Follow 6x6 ft stall limit.
 • Pay stall charges in advance.
 • Keep area clean.
 • Use only approved electrical equipment.
 • Report safety issues promptly.
 • Cooperate with FM, Security, and Event Committee."
"What are the Don’ts for stallholders and participants?","🚫 Don’ts:
 • Don’t exceed stall boundaries.
 • Don’t bring extra furniture or extensions.
 • Don’t cook with open flames.
 • Don’t sell restricted products.
 • Don’t play loud or offensive music.
 • Don’t block walkways or exits.
 • Don’t leave waste or decorations behind."
"What penalties apply for violations?","• ₹500 penalty for waste left behind.
 • Stall cancellation for repeated violations.
 • Expulsion of vendor for safety or rule breaches."
"What is the escalation process for event-related issues?","• Stall booking/payment – Facility Manager → Treasurer (24 hrs)
 • Layout or space issue – Event Committee → Secretary (Immediate)
 • Electrical/safety concern – FM/Security → President (Immediate)
 • Cleanliness issue – Housekeeping → FM (1 hr)
 • Misuse or violation – Security → FM/President (Immediate)."
"What records are maintained for festival and event management?","• Stall Booking Register (with resident details & payments)
 • Event layout plan and permissions
 • Vendor/electricity approvals
 • Incident or damage reports
 • Payment ledger and receipts
 All records are maintained for at least 2 years."
"Who is accountable for event management and compliance?","• **Event Committee:** Plan and supervise event.
 • **Facility Manager:** Manage logistics and safety.
 • **Security Supervisor:** Ensure order and crowd control.
 • **Housekeeping Supervisor:** Maintain cleanliness.
 • **Treasurer:** Manage payments.
 • **Secretary:** Enforce policies.
 • **President/Board:** Final approval and dispute resolution."
"What is the purpose of the Pet Policy SOP?","The SOP promotes safe, hygienic, and responsible pet ownership within The ACE Apartments. It ensures pets do not cause nuisance, harm, or hygiene issues while promoting a balanced community environment."
"Who does this SOP apply to?","It applies to all residents (owners and tenants) of TAAOWA who own pets, their domestic helpers or pet caretakers, and the Association staff including Facility Management, Security, and Housekeeping."
"What are the main objectives of this SOP?","• Ensure all pets are registered and vaccinated.
 • Prevent hazards like waste, noise, or aggression.
 • Maintain hygiene in common areas.
 • Define clear responsibilities and escalation procedures."
"What are the legal requirements for pet ownership in Tamil Nadu?","According to the Greater Chennai Corporation (GCC) rules, pet dogs must be licensed and kept leashed in public areas. Non-licensed or unleashed dogs can attract fines (up to ₹5,000) under municipal laws. Apartment associations cannot impose fines beyond those defined by law."
"Is pet registration mandatory in the community?","Yes. Every resident owning a pet must register the pet with the Association within 30 days of acquiring it, providing the name, breed, age, vaccination certificate, and local body licence/registration."
"What documents are required for pet registration?","• Pet details (name, breed, age)
 • Vaccination certificate (valid rabies proof)
 • Licence/registration from GCC or local body
 • Owner’s flat number and contact details
 • Pet ID tag information (flat number and owner contact)."
"What are the vaccination and health requirements for pets?","Pets must have valid vaccinations as recommended by a veterinarian, including rabies for dogs. Pets must be de-fleed, healthy, and free from contagious diseases. Any aggressive or infected pet should be isolated and reported to the Facility Manager."
"Are pets allowed in common areas?","Yes, but only under strict supervision. Pets must always be leashed and under the control of their owner in lobbies, parks, or driveways. Free roaming or unsupervised pets are not allowed."
"How should pet waste be handled?","Owners must immediately collect and dispose of pet waste in designated bins. Leaving waste in gardens, lawns, or common areas is prohibited."
"Can pets use the children’s play area or pool?","No. Pets are not allowed in children’s play areas, sand pits, or pools for safety and hygiene reasons."
"What happens if a pet damages common property or disturbs others?","The owner must compensate for repair or replacement costs. Repeated violations (aggressive pets, noise, or hygiene issues) may lead to restricted pet access or removal from premises after review by the Board."
"Can the Association impose fines on pet owners?","No. As per legal rulings, apartment associations cannot impose arbitrary fines on pet owners unless supported by municipal law. However, the Association can recover repair costs or restrict pet access for repeated non-compliance."
"What are the key Do’s for pet owners?","✅ Do’s:
 • Register your pet with the Association and local body.
 • Keep vaccinations updated.
 • Keep pets leashed in all common areas.
 • Clean pet waste immediately.
 • Report any aggression or damage to Facility Manager.
 • Be considerate of other residents."
"What are the Don’ts for pet owners?","🚫 Don’ts:
 • Don’t keep unregistered or unlicensed pets.
 • Don’t allow pets to roam unsupervised.
 • Don’t leave waste in parks or play areas.
 • Don’t allow barking or aggressive pets to disturb others.
 • Don’t expect the Association to enforce rules outside the scope of law."
"What is the escalation process for pet-related issues?","• Unregistered pets – Facility Manager → Secretary (7 days to comply)
 • Leash violations – Security → Facility Manager (Immediate warning)
 • Property damage – Facility Manager → Owner (24 hrs recovery)
 • Aggressive behaviour – Facility Manager → Pet Committee/Board (Immediate review)
 • Legal non-compliance – Owner → Local Authority → Facility Manager (As per schedule)."
"What records are maintained for pets?","• Pet Register (name, flat, breed, licence)
 • Vaccination and licence copies
 • Incident log (complaints, damage reports)
 • Vet and maintenance records (if any)
 All records are retained for at least 2 years."
"Who is responsible for monitoring and enforcement of the Pet Policy?","• **Resident Pet Owner:** Follow all rules and maintain registration.
 • **Facility Manager:** Maintain pet register and coordinate with authorities.
 • **Security Supervisor:** Enforce leash and access rules.
 • **Housekeeping Supervisor:** Report pet waste or damage.
 • **Secretary & Board:** Handle repeated violations and policy updates."
"Association name","TAAOWA - The ACE Apartment Owners Welfare Association"
"where can I find the SOPs?","MyGate -> Search icon on top right corner (near profile icon) -> search for ""Documents"""
"Terms and conditions of using TARA or whatsapp chatbot by TAAOWA","By continuing, you are accepting the Terms & Conditions of using TARA – The ACE Residents' Assistant by TAAOWA.

By continuing to use this chatbot, you agree to the following:

• You confirm that you are a resident or authorized member of TAAOWA.
• You consent to the collection of your WhatsApp number, name, flat details, and messages for association-related purposes.
• Information will be used only for announcements, maintenance updates, service requests, complaints, event information, and official communication.
• Your data will not be sold or shared with unauthorized third parties, except where required by law or for authorized service support.
• Chatbot responses are automated and for informational purposes; official committee communications will prevail in case of any discrepancy.
• Misuse, abusive language, or inappropriate messages may result in restricted access.
• Continued interaction with TARA constitutes your acceptance of these terms."
"Who is the prime minister of India?","modai"
